id,english,polish,level,track,topic_category,material_type,specialism,difficulty_1_5,word_count_en,examples_count,accepted_answers_count,collocations_count,typical_prepositions,translation_check,flags,recommendation
praca_a1_0001_good_morning,Good morning,Dzień dobry,A1,Praca,klient,zwrot,zawodowe,2,2,1,0,2,,wstępnie kompletne; wymaga końcowej kontroli językowej,brak oczywistych problemów technicznych,przypisać do lekcji | zostawić
praca_a1_0002_how_can_i_help_you,How can I help you?,Jak mogę pomóc?,A1,Praca,klient,zdanie,zawodowe,2,5,1,0,0,,wstępnie kompletne; wymaga końcowej kontroli językowej,zdanie bez wariantów odpowiedzi,przypisać do lekcji | poprawić lub ręcznie zweryfikować
praca_a1_0003_i_need_to_check_the_cable,I need to check the cable,Muszę sprawdzić przewód,A2,Praca,klient,zdanie,zawodowe,3,6,1,1,0,,wstępnie kompletne; wymaga końcowej kontroli językowej,brak oczywistych problemów technicznych,przypisać do lekcji | zostawić
praca_a1_0004_can_you_show_me_the_router,Can you show me the router?,Czy może mi Pan pokazać router?,A1,Praca,klient,zdanie,zawodowe,2,6,1,0,0,,wstępnie kompletne; wymaga końcowej kontroli językowej,zdanie bez wariantów odpowiedzi,przypisać do lekcji | poprawić lub ręcznie zweryfikować
praca_a1_0005_the_signal_is_weak,The signal is weak,Sygnał jest słaby,A1,Praca,klient,zdanie,zawodowe,2,4,1,1,0,,wstępnie kompletne; wymaga końcowej kontroli językowej,brak oczywistych problemów technicznych,przypisać do lekcji | zostawić
praca_a1_0006_the_camera_needs_power,The camera needs power,Kamera potrzebuje zasilania,A1,Praca,klient,zdanie,zawodowe,2,4,1,0,0,,wstępnie kompletne; wymaga końcowej kontroli językowej,zdanie bez wariantów odpowiedzi,przypisać do lekcji | poprawić lub ręcznie zweryfikować
praca_a2_0007_the_installation_will_take_about_two,The installation will take about two hours,Instalacja zajmie około dwóch godzin,A2,Praca,montaż,zdanie,zawodowe,4,7,1,0,0,,wstępnie kompletne; wymaga końcowej kontroli językowej,zdanie bez wariantów odpowiedzi,przypisać do lekcji | poprawić lub ręcznie zweryfikować
praca_a2_0008_i_will_prepare_a_quote,I will prepare a quote,Przygotuję wycenę,A2,Praca,montaż,zdanie,zawodowe,3,5,1,1,0,,wstępnie kompletne; wymaga końcowej kontroli językowej,brak oczywistych problemów technicznych,przypisać do lekcji | zostawić
praca_a2_0009_where_is_the_power_socket,Where is the power socket?,Gdzie jest gniazdko elektryczne?,A2,Praca,montaż,zdanie,zawodowe,3,5,1,0,0,,wstępnie kompletne; wymaga końcowej kontroli językowej,zdanie bez wariantów odpowiedzi,przypisać do lekcji | poprawić lub ręcznie zweryfikować
techniczne_a1_0010_charger,charger,ładowarka,A1,Techniczne,sprzęt,rzeczownik,techniczne,2,1,1,0,2,,wstępnie kompletne; wymaga końcowej kontroli językowej,"słownictwo specjalistyczne A1 – zostawić w ścieżce technicznej, nie w rdzeniu kursu | brak rejestru językowego",przypisać do lekcji | poprawić lub ręcznie zweryfikować
techniczne_a1_0011_battery,battery,bateria,A1,Techniczne,sprzęt,rzeczownik,techniczne,2,1,1,0,3,,wstępnie kompletne; wymaga końcowej kontroli językowej,"słownictwo specjalistyczne A1 – zostawić w ścieżce technicznej, nie w rdzeniu kursu | brak rejestru językowego",przypisać do lekcji | poprawić lub ręcznie zweryfikować
techniczne_a1_0012_router,router,router,A1,Techniczne,sieć,rzeczownik,techniczne,2,1,2,0,3,o; n;  ; /;  ; b; e; h; i; n; d,do ręcznej kontroli (identyczny zapis),"identyczny zapis EN/PL – sprawdzić zapożyczenie | słownictwo specjalistyczne A1 – zostawić w ścieżce technicznej, nie w rdzeniu kursu | brak rejestru językowego",przypisać do lekcji | poprawić lub ręcznie zweryfikować
techniczne_a1_0013_connection,connection,połączenie,A1,Techniczne,sieć,rzeczownik,techniczne,2,1,1,0,3,t; o;  ; /;  ; w; i; t; h,wstępnie kompletne; wymaga końcowej kontroli językowej,"słownictwo specjalistyczne A1 – zostawić w ścieżce technicznej, nie w rdzeniu kursu | brak rejestru językowego",przypisać do lekcji | poprawić lub ręcznie zweryfikować
techniczne_a2_0014_wireless_network,wireless network,sieć bezprzewodowa,A2,Techniczne,sieć,zwrot,techniczne,3,2,1,0,2,,wstępnie kompletne; wymaga końcowej kontroli językowej,brak rejestru językowego,przypisać do lekcji | poprawić lub ręcznie zweryfikować
techniczne_a2_0015_firmware_update,firmware update,aktualizacja oprogramowania urządzenia,B1,Techniczne,serwis,zwrot,techniczne,4,2,1,0,2,,wstępnie kompletne; wymaga końcowej kontroli językowej,brak rejestru językowego,przypisać do lekcji | poprawić lub ręcznie zweryfikować
ogólny_a1_0016_person,person,osoba,A1,Ogólny,Podstawy,rzeczownik,ogólne,1,1,1,0,2,,wstępnie kompletne; wymaga końcowej kontroli językowej,brak rejestru językowego,przypisać do lekcji | poprawić lub ręcznie zweryfikować
ogólny_a1_0017_family,family,rodzina,A1,Ogólny,Podstawy,rzeczownik,ogólne,1,1,1,0,2,,wstępnie kompletne; wymaga końcowej kontroli językowej,brak rejestru językowego,przypisać do lekcji | poprawić lub ręcznie zweryfikować
ogólny_a1_0018_home,home,dom,A1,Ogólny,Podstawy,rzeczownik,ogólne,1,1,1,0,3,,wstępnie kompletne; wymaga końcowej kontroli językowej,brak rejestru językowego,przypisać do lekcji | poprawić lub ręcznie zweryfikować
ogólny_a1_0019_work,work,praca,A1,Ogólny,Podstawy,czasownik,ogólne,1,1,1,0,3,,wstępnie kompletne; wymaga końcowej kontroli językowej,brak rejestru językowego,przypisać do lekcji | poprawić lub ręcznie zweryfikować
ogólny_a1_0020_day,day,dzień,A1,Ogólny,Podstawy,rzeczownik,ogólne,1,1,1,0,2,,wstępnie kompletne; wymaga końcowej kontroli językowej,brak rejestru językowego,przypisać do lekcji | poprawić lub ręcznie zweryfikować
ogólny_a1_0021_night,night,noc,A1,Ogólny,Podstawy,rzeczownik,ogólne,1,1,1,0,2,,wstępnie kompletne; wymaga końcowej kontroli językowej,brak rejestru językowego,przypisać do lekcji | poprawić lub ręcznie zweryfikować
ogólny_a1_0022_morning,morning,poranek,A1,Ogólny,Podstawy,rzeczownik,ogólne,1,1,1,0,2,,wstępnie kompletne; wymaga końcowej kontroli językowej,brak rejestru językowego,przypisać do lekcji | poprawić lub ręcznie zweryfikować
ogólny_a1_0023_evening,evening,wieczór,A1,Ogólny,Podstawy,rzeczownik,ogólne,1,1,1,0,2,,wstępnie kompletne; wymaga końcowej kontroli językowej,brak rejestru językowego,przypisać do lekcji | poprawić lub ręcznie zweryfikować
ogólny_a1_0024_water,water,woda,A1,Ogólny,Podstawy,rzeczownik,ogólne,1,1,1,0,2,,wstępnie kompletne; wymaga końcowej kontroli językowej,brak rejestru językowego,przypisać do lekcji | poprawić lub ręcznie zweryfikować
ogólny_a1_0025_food,food,jedzenie,A1,Ogólny,Podstawy,rzeczownik,ogólne,1,1,1,0,2,,wstępnie kompletne; wymaga końcowej kontroli językowej,brak rejestru językowego,przypisać do lekcji | poprawić lub ręcznie zweryfikować
ogólny_a1_0026_phone,phone,telefon,A1,Ogólny,Podstawy,rzeczownik,ogólne,1,1,1,0,3,,wstępnie kompletne; wymaga końcowej kontroli językowej,brak rejestru językowego,przypisać do lekcji | poprawić lub ręcznie zweryfikować
ogólny_a1_0027_car,car,samochód,A1,Ogólny,Podstawy,rzeczownik,ogólne,1,1,1,0,2,,wstępnie kompletne; wymaga końcowej kontroli językowej,brak rejestru językowego,przypisać do lekcji | poprawić lub ręcznie zweryfikować
ogólny_a1_0028_door,door,drzwi,A1,Ogólny,Podstawy,rzeczownik,ogólne,1,1,1,0,2,,wstępnie kompletne; wymaga końcowej kontroli językowej,brak rejestru językowego,przypisać do lekcji | poprawić lub ręcznie zweryfikować
ogólny_a1_0029_window,window,okno,A1,Ogólny,Podstawy,rzeczownik,ogólne,1,1,1,0,2,,wstępnie kompletne; wymaga końcowej kontroli językowej,brak rejestru językowego,przypisać do lekcji | poprawić lub ręcznie zweryfikować
ogólny_a1_0030_key,key,klucz,A1,Ogólny,Podstawy,rzeczownik,ogólne,1,1,1,0,2,,wstępnie kompletne; wymaga końcowej kontroli językowej,brak rejestru językowego,przypisać do lekcji | poprawić lub ręcznie zweryfikować
ogólny_a1_0031_money,money,pieniądze,A1,Ogólny,Podstawy,rzeczownik,ogólne,1,1,1,0,2,,wstępnie kompletne; wymaga końcowej kontroli językowej,brak rejestru językowego,przypisać do lekcji | poprawić lub ręcznie zweryfikować
ogólny_a1_0032_time,time,czas,A1,Ogólny,Podstawy,rzeczownik,ogólne,1,1,1,0,3,,wstępnie kompletne; wymaga końcowej kontroli językowej,brak rejestru językowego,przypisać do lekcji | poprawić lub ręcznie zweryfikować
ogólny_a1_0033_problem,problem,problem,A1,Ogólny,Podstawy,rzeczownik,ogólne,1,1,1,0,3,w; i; t; h,do ręcznej kontroli (identyczny zapis),identyczny zapis EN/PL – sprawdzić zapożyczenie | brak rejestru językowego,przypisać do lekcji | poprawić lub ręcznie zweryfikować
ogólny_a1_0034_question,question,pytanie,A1,Ogólny,Podstawy,rzeczownik,ogólne,1,1,1,0,2,,wstępnie kompletne; wymaga końcowej kontroli językowej,brak rejestru językowego,przypisać do lekcji | poprawić lub ręcznie zweryfikować
ogólny_a1_0035_answer,answer,odpowiedź,A1,Ogólny,Podstawy,rzeczownik,ogólne,1,1,1,0,2,,wstępnie kompletne; wymaga końcowej kontroli językowej,brak rejestru językowego,przypisać do lekcji | poprawić lub ręcznie zweryfikować
ogólny_a1_0036_today,today,dzisiaj,A1,Ogólny,Podstawy,przysłówek,ogólne,1,1,1,0,0,,wstępnie kompletne; wymaga końcowej kontroli językowej,brak rejestru językowego,przypisać do lekcji | poprawić lub ręcznie zweryfikować
ogólny_a1_0037_tomorrow,tomorrow,jutro,A1,Ogólny,Podstawy,przysłówek,ogólne,1,1,1,0,0,,wstępnie kompletne; wymaga końcowej kontroli językowej,brak rejestru językowego,przypisać do lekcji | poprawić lub ręcznie zweryfikować
ogólny_a1_0038_yesterday,yesterday,wczoraj,A1,Ogólny,Podstawy,przysłówek,ogólne,1,1,1,0,0,,wstępnie kompletne; wymaga końcowej kontroli językowej,brak rejestru językowego,przypisać do lekcji | poprawić lub ręcznie zweryfikować
ogólny_a1_0039_now,now,teraz,A1,Ogólny,Podstawy,przysłówek,ogólne,1,1,1,0,0,,wstępnie kompletne; wymaga końcowej kontroli językowej,brak rejestru językowego,przypisać do lekcji | poprawić lub ręcznie zweryfikować
ogólny_a1_0040_later,later,później,A1,Ogólny,Podstawy,przysłówek,ogólne,1,1,1,0,0,,wstępnie kompletne; wymaga końcowej kontroli językowej,brak rejestru językowego,przypisać do lekcji | poprawić lub ręcznie zweryfikować
ogólny_a1_0041_small,small,mały,A1,Ogólny,Podstawy,przymiotnik,ogólne,1,1,1,0,2,,wstępnie kompletne; wymaga końcowej kontroli językowej,brak rejestru językowego,przypisać do lekcji | poprawić lub ręcznie zweryfikować
ogólny_a1_0042_big,big,duży,A1,Ogólny,Podstawy,przymiotnik,ogólne,1,1,1,0,2,,wstępnie kompletne; wymaga końcowej kontroli językowej,brak rejestru językowego,przypisać do lekcji | poprawić lub ręcznie zweryfikować
ogólny_a1_0043_new,new,nowy,A1,Ogólny,Podstawy,przymiotnik,ogólne,1,1,1,0,2,,wstępnie kompletne; wymaga końcowej kontroli językowej,brak rejestru językowego,przypisać do lekcji | poprawić lub ręcznie zweryfikować
ogólny_a1_0044_old,old,stary,A1,Ogólny,Podstawy,przymiotnik,ogólne,1,1,1,0,2,,wstępnie kompletne; wymaga końcowej kontroli językowej,brak rejestru językowego,przypisać do lekcji | poprawić lub ręcznie zweryfikować
ogólny_a1_0045_fast,fast,szybki,A1,Ogólny,Podstawy,przymiotnik,ogólne,1,1,1,0,2,,wstępnie kompletne; wymaga końcowej kontroli językowej,brak rejestru językowego,przypisać do lekcji | poprawić lub ręcznie zweryfikować
ogólny_a1_0046_slow,slow,wolny,A1,Ogólny,Podstawy,przymiotnik,ogólne,1,1,1,0,2,,wstępnie kompletne; wymaga końcowej kontroli językowej,brak rejestru językowego,przypisać do lekcji | poprawić lub ręcznie zweryfikować
ogólny_a1_0047_good,good,dobry,A1,Ogólny,Podstawy,przymiotnik,ogólne,1,1,1,0,2,,wstępnie kompletne; wymaga końcowej kontroli językowej,brak rejestru językowego,przypisać do lekcji | poprawić lub ręcznie zweryfikować
ogólny_a1_0048_bad,bad,zły,A1,Ogólny,Podstawy,przymiotnik,ogólne,1,1,1,0,2,,wstępnie kompletne; wymaga końcowej kontroli językowej,brak rejestru językowego,przypisać do lekcji | poprawić lub ręcznie zweryfikować
ogólny_a1_0049_easy,easy,łatwy,A1,Ogólny,Podstawy,przymiotnik,ogólne,1,1,1,0,2,,wstępnie kompletne; wymaga końcowej kontroli językowej,brak rejestru językowego,przypisać do lekcji | poprawić lub ręcznie zweryfikować
ogólny_a1_0050_hard,hard,trudny,A1,Ogólny,Podstawy,przymiotnik,ogólne,1,1,1,0,2,,wstępnie kompletne; wymaga końcowej kontroli językowej,brak rejestru językowego,przypisać do lekcji | poprawić lub ręcznie zweryfikować
ogólny_a1_0051_open,open,otwierać,A1,Ogólny,Podstawy,czasownik,ogólne,1,1,1,0,2,,wstępnie kompletne; wymaga końcowej kontroli językowej,brak rejestru językowego,przypisać do lekcji | poprawić lub ręcznie zweryfikować
ogólny_a1_0052_close,close,zamykać,A1,Ogólny,Podstawy,czasownik,ogólne,1,1,1,0,2,,wstępnie kompletne; wymaga końcowej kontroli językowej,brak rejestru językowego,przypisać do lekcji | poprawić lub ręcznie zweryfikować
ogólny_a1_0053_start,start,startować,A1,Ogólny,Podstawy,czasownik,ogólne,1,1,1,0,2,,wstępnie kompletne; wymaga końcowej kontroli językowej,brak rejestru językowego,przypisać do lekcji | poprawić lub ręcznie zweryfikować
ogólny_a1_0054_stop,stop,zatrzymać,A1,Ogólny,Podstawy,czasownik,ogólne,1,1,1,0,2,,wstępnie kompletne; wymaga końcowej kontroli językowej,brak rejestru językowego,przypisać do lekcji | poprawić lub ręcznie zweryfikować
ogólny_a1_0055_learn,learn,uczyć się,A1,Ogólny,Podstawy,czasownik,ogólne,1,1,1,0,2,,wstępnie kompletne; wymaga końcowej kontroli językowej,brak rejestru językowego,przypisać do lekcji | poprawić lub ręcznie zweryfikować
ogólny_a1_0056_read,read,czytać,A1,Ogólny,Podstawy,czasownik,ogólne,1,1,1,0,2,,wstępnie kompletne; wymaga końcowej kontroli językowej,brak rejestru językowego,przypisać do lekcji | poprawić lub ręcznie zweryfikować
ogólny_a1_0057_write,write,pisać,A1,Ogólny,Podstawy,czasownik,ogólne,1,1,1,0,2,,wstępnie kompletne; wymaga końcowej kontroli językowej,brak rejestru językowego,przypisać do lekcji | poprawić lub ręcznie zweryfikować
ogólny_a1_0058_speak,speak,mówić,A1,Ogólny,Podstawy,czasownik,ogólne,1,1,1,0,2,t; o;  ; /;  ; w; i; t; h;  ; /;  ; a; b; o; u; t,wstępnie kompletne; wymaga końcowej kontroli językowej,brak rejestru językowego,przypisać do lekcji | poprawić lub ręcznie zweryfikować
ogólny_a1_0059_listen,listen,słuchać,A1,Ogólny,Podstawy,czasownik,ogólne,1,1,1,0,2,t; o,wstępnie kompletne; wymaga końcowej kontroli językowej,brak rejestru językowego,przypisać do lekcji | poprawić lub ręcznie zweryfikować
ogólny_a2_0060_appointment,appointment,spotkanie,A2,Ogólny,Codzienne,rzeczownik,ogólne,2,1,1,0,3,f; o; r;  ; /;  ; w; i; t; h,wstępnie kompletne; wymaga końcowej kontroli językowej,powtórzony angielski zapis – sprawdzić znaczenia | brak rejestru językowego,przypisać do lekcji | poprawić lub ręcznie zweryfikować
ogólny_a2_0061_address,address,adres,A2,Ogólny,Codzienne,rzeczownik,ogólne,2,1,1,0,3,a; t,wstępnie kompletne; wymaga końcowej kontroli językowej,brak rejestru językowego,przypisać do lekcji | poprawić lub ręcznie zweryfikować
ogólny_a2_0062_invoice,invoice,faktura,A2,Ogólny,Codzienne,rzeczownik,ogólne,2,1,1,0,2,f; o; r;  ; /;  ; f; r; o; m,wstępnie kompletne; wymaga końcowej kontroli językowej,brak rejestru językowego,przypisać do lekcji | poprawić lub ręcznie zweryfikować
ogólny_a2_0063_receipt,receipt,paragon,A2,Ogólny,Codzienne,rzeczownik,ogólne,2,1,1,0,2,f; o; r,wstępnie kompletne; wymaga końcowej kontroli językowej,brak rejestru językowego,przypisać do lekcji | poprawić lub ręcznie zweryfikować
ogólny_a2_0064_price,price,cena,A2,Ogólny,Codzienne,rzeczownik,ogólne,2,1,1,0,3,o; f;  ; /;  ; f; o; r,wstępnie kompletne; wymaga końcowej kontroli językowej,brak rejestru językowego,przypisać do lekcji | poprawić lub ręcznie zweryfikować
ogólny_a2_0065_discount,discount,rabat,A2,Ogólny,Codzienne,rzeczownik,ogólne,2,1,1,0,2,o; n,wstępnie kompletne; wymaga końcowej kontroli językowej,brak rejestru językowego,przypisać do lekcji | poprawić lub ręcznie zweryfikować
ogólny_a2_0066_delivery,delivery,dostawa,A2,Ogólny,Codzienne,rzeczownik,ogólne,2,1,1,0,3,o; f;  ; /;  ; t; o,wstępnie kompletne; wymaga końcowej kontroli językowej,brak rejestru językowego,przypisać do lekcji | poprawić lub ręcznie zweryfikować
ogólny_a2_0067_message,message,wiadomość,A2,Ogólny,Codzienne,rzeczownik,ogólne,2,1,1,0,2,f; r; o; m;  ; /;  ; t; o,wstępnie kompletne; wymaga końcowej kontroli językowej,brak rejestru językowego,przypisać do lekcji | poprawić lub ręcznie zweryfikować
ogólny_a2_0068_call,call,rozmowa telefoniczna,A2,Ogólny,Codzienne,czasownik,ogólne,2,1,1,0,2,f; r; o; m;  ; /;  ; t; o;  ; /;  ; a; b; o; u; t,wstępnie kompletne; wymaga końcowej kontroli językowej,brak rejestru językowego,przypisać do lekcji | poprawić lub ręcznie zweryfikować
ogólny_a2_0069_meeting,meeting,zebranie,A2,Ogólny,Codzienne,rzeczownik,ogólne,2,1,1,0,2,w; i; t; h;  ; /;  ; a; b; o; u; t,wstępnie kompletne; wymaga końcowej kontroli językowej,brak rejestru językowego,przypisać do lekcji | poprawić lub ręcznie zweryfikować
ogólny_a2_0070_customer,customer,klient,A2,Ogólny,Codzienne,rzeczownik,ogólne,2,1,1,0,3,f; o; r,wstępnie kompletne; wymaga końcowej kontroli językowej,brak rejestru językowego,przypisać do lekcji | poprawić lub ręcznie zweryfikować
ogólny_a2_0071_service,service,usługa,A2,Ogólny,Codzienne,rzeczownik,ogólne,2,1,1,0,3,f; o; r;  ; /;  ; t; o,wstępnie kompletne; wymaga końcowej kontroli językowej,powtórzony angielski zapis – sprawdzić znaczenia | brak rejestru językowego,przypisać do lekcji | poprawić lub ręcznie zweryfikować
ogólny_a2_0072_repair,repair,naprawa,A2,Ogólny,Codzienne,czasownik,ogólne,2,1,1,0,2,t; o,wstępnie kompletne; wymaga końcowej kontroli językowej,brak rejestru językowego,przypisać do lekcji | poprawić lub ręcznie zweryfikować
ogólny_a2_0073_installation,installation,instalacja,A2,Ogólny,Codzienne,rzeczownik,ogólne,2,1,1,0,3,o; f;  ; /;  ; a; t,wstępnie kompletne; wymaga końcowej kontroli językowej,powtórzony angielski zapis – sprawdzić znaczenia | brak rejestru językowego,przypisać do lekcji | poprawić lub ręcznie zweryfikować
ogólny_a2_0074_manual,manual,instrukcja,A2,Ogólny,Codzienne,rzeczownik,ogólne,2,1,1,0,2,f; o; r,wstępnie kompletne; wymaga końcowej kontroli językowej,brak rejestru językowego,przypisać do lekcji | poprawić lub ręcznie zweryfikować
ogólny_a2_0075_settings,settings,ustawienia,A2,Ogólny,Codzienne,rzeczownik,ogólne,2,1,1,0,3,f; o; r,wstępnie kompletne; wymaga końcowej kontroli językowej,brak rejestru językowego,przypisać do lekcji | poprawić lub ręcznie zweryfikować
ogólny_a2_0076_password,password,hasło,A2,Ogólny,Codzienne,rzeczownik,ogólne,2,1,1,0,3,f; o; r,wstępnie kompletne; wymaga końcowej kontroli językowej,brak rejestru językowego,przypisać do lekcji | poprawić lub ręcznie zweryfikować
ogólny_a2_0077_account,account,konto,A2,Ogólny,Codzienne,rzeczownik,ogólne,2,1,1,0,2,w; i; t; h,wstępnie kompletne; wymaga końcowej kontroli językowej,brak rejestru językowego,przypisać do lekcji | poprawić lub ręcznie zweryfikować
ogólny_a2_0078_document,document,dokument,A2,Ogólny,Codzienne,rzeczownik,ogólne,2,1,1,0,2,f; o; r;  ; /;  ; a; b; o; u; t,wstępnie kompletne; wymaga końcowej kontroli językowej,brak rejestru językowego,przypisać do lekcji | poprawić lub ręcznie zweryfikować
ogólny_a2_0079_folder,folder,folder,A2,Ogólny,Codzienne,rzeczownik,ogólne,2,1,1,0,2,f; o; r,do ręcznej kontroli (identyczny zapis),identyczny zapis EN/PL – sprawdzić zapożyczenie | brak rejestru językowego,przypisać do lekcji | poprawić lub ręcznie zweryfikować
ogólny_a2_0080_file,file,plik,A2,Ogólny,Codzienne,rzeczownik,ogólne,2,1,1,0,3,i; n;  ; /;  ; f; r; o; m,wstępnie kompletne; wymaga końcowej kontroli językowej,brak rejestru językowego,przypisać do lekcji | poprawić lub ręcznie zweryfikować
ogólny_a2_0081_backup,backup,kopia zapasowa,B1,Ogólny,Codzienne,rzeczownik,ogólne,3,1,1,0,3,o; f,wstępnie kompletne; wymaga końcowej kontroli językowej,brak rejestru językowego,przypisać do lekcji | poprawić lub ręcznie zweryfikować
ogólny_a2_0082_update,update,aktualizacja,A2,Ogólny,Codzienne,czasownik,ogólne,2,1,1,0,2,t; o;  ; /;  ; f; o; r,wstępnie kompletne; wymaga końcowej kontroli językowej,brak rejestru językowego,przypisać do lekcji | poprawić lub ręcznie zweryfikować
ogólny_a2_0083_permission,permission,uprawnienie,B1,Ogólny,Codzienne,rzeczownik,ogólne,3,1,1,0,2,t; o;  ; /;  ; f; o; r,wstępnie kompletne; wymaga końcowej kontroli językowej,brak rejestru językowego,przypisać do lekcji | poprawić lub ręcznie zweryfikować
ogólny_a2_0084_location,location,lokalizacja,A2,Ogólny,Codzienne,rzeczownik,ogólne,2,1,1,0,2,o; f;  ; /;  ; a; t,wstępnie kompletne; wymaga końcowej kontroli językowej,brak rejestru językowego,przypisać do lekcji | poprawić lub ręcznie zweryfikować
ogólny_a2_0085_distance,distance,odległość,A2,Ogólny,Codzienne,rzeczownik,ogólne,2,1,1,0,2,f; r; o; m;  ; /;  ; t; o,wstępnie kompletne; wymaga końcowej kontroli językowej,brak rejestru językowego,przypisać do lekcji | poprawić lub ręcznie zweryfikować
ogólny_a2_0086_traffic,traffic,ruch drogowy,A2,Ogólny,Codzienne,rzeczownik,ogólne,2,1,1,0,2,,wstępnie kompletne; wymaga końcowej kontroli językowej,brak rejestru językowego,przypisać do lekcji | poprawić lub ręcznie zweryfikować
ogólny_a2_0087_weather,weather,pogoda,A2,Ogólny,Codzienne,rzeczownik,ogólne,2,1,1,0,2,,wstępnie kompletne; wymaga końcowej kontroli językowej,brak rejestru językowego,przypisać do lekcji | poprawić lub ręcznie zweryfikować
ogólny_a2_0088_delay,delay,opóźnienie,A2,Ogólny,Codzienne,rzeczownik,ogólne,2,1,1,0,2,i; n;  ; /;  ; o; f,wstępnie kompletne; wymaga końcowej kontroli językowej,brak rejestru językowego,przypisać do lekcji | poprawić lub ręcznie zweryfikować
ogólny_a2_0089_schedule,schedule,harmonogram,A2,Ogólny,Codzienne,rzeczownik,ogólne,2,1,1,0,2,f; o; r,wstępnie kompletne; wymaga końcowej kontroli językowej,powtórzony angielski zapis – sprawdzić znaczenia | brak rejestru językowego,przypisać do lekcji | poprawić lub ręcznie zweryfikować
ogólny_b1_0090_available,available,dostępny,B1,Ogólny,Rozmowy,przymiotnik,ogólne,3,1,1,0,2,f; o; r;  ; /;  ; t; o,wstępnie kompletne; wymaga końcowej kontroli językowej,brak rejestru językowego,przypisać do lekcji | poprawić lub ręcznie zweryfikować
ogólny_b1_0091_reliable,reliable,niezawodny,B1,Ogólny,Rozmowy,przymiotnik,ogólne,3,1,1,0,2,,wstępnie kompletne; wymaga końcowej kontroli językowej,brak rejestru językowego,przypisać do lekcji | poprawić lub ręcznie zweryfikować
ogólny_b1_0092_temporary,temporary,tymczasowy,B1,Ogólny,Rozmowy,przymiotnik,ogólne,3,1,1,0,2,,wstępnie kompletne; wymaga końcowej kontroli językowej,brak rejestru językowego,przypisać do lekcji | poprawić lub ręcznie zweryfikować
ogólny_b1_0093_permanent,permanent,stały,B1,Ogólny,Rozmowy,przymiotnik,ogólne,3,1,1,0,2,,wstępnie kompletne; wymaga końcowej kontroli językowej,brak rejestru językowego,przypisać do lekcji | poprawić lub ręcznie zweryfikować
ogólny_b1_0094_necessary,necessary,konieczny,B1,Ogólny,Rozmowy,przymiotnik,ogólne,3,1,1,0,2,,wstępnie kompletne; wymaga końcowej kontroli językowej,brak rejestru językowego,przypisać do lekcji | poprawić lub ręcznie zweryfikować
ogólny_b1_0095_possible,possible,możliwy,B1,Ogólny,Rozmowy,przymiotnik,ogólne,3,1,1,0,2,,wstępnie kompletne; wymaga końcowej kontroli językowej,brak rejestru językowego,przypisać do lekcji | poprawić lub ręcznie zweryfikować
ogólny_b1_0096_probably,probably,prawdopodobnie,B1,Ogólny,Rozmowy,przysłówek,ogólne,3,1,1,0,0,,wstępnie kompletne; wymaga końcowej kontroli językowej,brak rejestru językowego,przypisać do lekcji | poprawić lub ręcznie zweryfikować
ogólny_b1_0097_actually,actually,właściwie,B1,Ogólny,Rozmowy,przysłówek,ogólne,3,1,1,0,0,,wstępnie kompletne; wymaga końcowej kontroli językowej,brak rejestru językowego,przypisać do lekcji | poprawić lub ręcznie zweryfikować
ogólny_b1_0098_instead,instead,zamiast,B1,Ogólny,Rozmowy,przysłówek,ogólne,3,1,1,0,0,,wstępnie kompletne; wymaga końcowej kontroli językowej,brak rejestru językowego,przypisać do lekcji | poprawić lub ręcznie zweryfikować
ogólny_b1_0099_because_of,because of,z powodu,A2,Ogólny,Rozmowy,zwrot,ogólne,2,2,1,0,2,,wstępnie kompletne; wymaga końcowej kontroli językowej,brak rejestru językowego,przypisać do lekcji | poprawić lub ręcznie zweryfikować
ogólny_b1_0100_as_soon_as_possible,as soon as possible,tak szybko jak to możliwe,A2,Ogólny,Rozmowy,zdanie,ogólne,2,4,1,0,0,,wstępnie kompletne; wymaga końcowej kontroli językowej,zdanie bez wariantów odpowiedzi,przypisać do lekcji | poprawić lub ręcznie zweryfikować
ogólny_b1_0101_according_to,according to,zgodnie z,B1,Ogólny,Rozmowy,zwrot,ogólne,3,2,1,0,2,,wstępnie kompletne; wymaga końcowej kontroli językowej,brak rejestru językowego,przypisać do lekcji | poprawić lub ręcznie zweryfikować
ogólny_b1_0102_in_case_of,in case of,w przypadku,B1,Ogólny,Rozmowy,zdanie,ogólne,3,3,1,0,2,,wstępnie kompletne; wymaga końcowej kontroli językowej,zdanie bez wariantów odpowiedzi,przypisać do lekcji | poprawić lub ręcznie zweryfikować
ogólny_b1_0103_before_we_start,before we start,zanim zaczniemy,A2,Ogólny,Rozmowy,zdanie,ogólne,2,3,1,0,0,,wstępnie kompletne; wymaga końcowej kontroli językowej,zdanie bez wariantów odpowiedzi,przypisać do lekcji | poprawić lub ręcznie zweryfikować
ogólny_b1_0104_after_checking,after checking,po sprawdzeniu,A2,Ogólny,Rozmowy,zwrot,ogólne,2,2,1,0,0,,wstępnie kompletne; wymaga końcowej kontroli językowej,brak rejestru językowego,przypisać do lekcji | poprawić lub ręcznie zweryfikować
ogólny_b1_0105_i_suggest,I suggest,sugeruję,A2,Ogólny,Rozmowy,zdanie,ogólne,2,2,1,0,0,,wstępnie kompletne; wymaga końcowej kontroli językowej,zdanie bez wariantów odpowiedzi,przypisać do lekcji | poprawić lub ręcznie zweryfikować
ogólny_b1_0106_i_recommend,I recommend,polecam,A2,Ogólny,Rozmowy,zdanie,ogólne,2,2,1,0,0,,wstępnie kompletne; wymaga końcowej kontroli językowej,zdanie bez wariantów odpowiedzi,przypisać do lekcji | poprawić lub ręcznie zweryfikować
ogólny_b1_0107_i_noticed,I noticed,zauważyłem,A2,Ogólny,Rozmowy,zdanie,ogólne,2,2,1,0,0,,wstępnie kompletne; wymaga końcowej kontroli językowej,zdanie bez wariantów odpowiedzi,przypisać do lekcji | poprawić lub ręcznie zweryfikować
ogólny_b1_0108_it_depends,it depends,to zależy,B1,Ogólny,Rozmowy,zwrot,ogólne,3,2,1,0,0,,wstępnie kompletne; wymaga końcowej kontroli językowej,brak rejestru językowego,przypisać do lekcji | poprawić lub ręcznie zweryfikować
ogólny_b1_0109_let_me_check,let me check,"pozwól, że sprawdzę",A2,Ogólny,Rozmowy,zdanie,ogólne,2,3,1,0,0,,wstępnie kompletne; wymaga końcowej kontroli językowej,zdanie bez wariantów odpowiedzi,przypisać do lekcji | poprawić lub ręcznie zweryfikować
techniczne_a1_0110_cable,cable,przewód,A1,Techniczne,techniczne,rzeczownik,techniczne,2,1,2,0,3,t; o;  ; /;  ; b; e; t; w; e; e; n,wstępnie kompletne; wymaga końcowej kontroli językowej,"powtórzony angielski zapis – sprawdzić znaczenia | słownictwo specjalistyczne A1 – zostawić w ścieżce technicznej, nie w rdzeniu kursu | brak rejestru językowego",przypisać do lekcji | poprawić lub ręcznie zweryfikować
techniczne_a1_0111_power_supply,power supply,zasilacz,A1,Techniczne,techniczne,zwrot,techniczne,2,2,2,0,2,,wstępnie kompletne; wymaga końcowej kontroli językowej,"słownictwo specjalistyczne A1 – zostawić w ścieżce technicznej, nie w rdzeniu kursu | brak rejestru językowego",przypisać do lekcji | poprawić lub ręcznie zweryfikować
techniczne_a1_0112_socket,socket,gniazdko,A1,Techniczne,techniczne,rzeczownik,techniczne,2,1,2,0,2,,wstępnie kompletne; wymaga końcowej kontroli językowej,"słownictwo specjalistyczne A1 – zostawić w ścieżce technicznej, nie w rdzeniu kursu | brak rejestru językowego",przypisać do lekcji | poprawić lub ręcznie zweryfikować
techniczne_a1_0113_plug,plug,wtyczka,A1,Techniczne,techniczne,rzeczownik,techniczne,2,1,2,0,2,,wstępnie kompletne; wymaga końcowej kontroli językowej,"słownictwo specjalistyczne A1 – zostawić w ścieżce technicznej, nie w rdzeniu kursu | brak rejestru językowego",przypisać do lekcji | poprawić lub ręcznie zweryfikować
techniczne_a1_0114_adapter,adapter,adapter,A1,Techniczne,techniczne,rzeczownik,techniczne,2,1,2,0,2,,do ręcznej kontroli (identyczny zapis),"identyczny zapis EN/PL – sprawdzić zapożyczenie | słownictwo specjalistyczne A1 – zostawić w ścieżce technicznej, nie w rdzeniu kursu | brak rejestru językowego",przypisać do lekcji | poprawić lub ręcznie zweryfikować
techniczne_a1_0115_switch,switch,przełącznik,A1,Techniczne,techniczne,rzeczownik,techniczne,2,1,2,0,2,,wstępnie kompletne; wymaga końcowej kontroli językowej,"słownictwo specjalistyczne A1 – zostawić w ścieżce technicznej, nie w rdzeniu kursu | brak rejestru językowego",przypisać do lekcji | poprawić lub ręcznie zweryfikować
techniczne_a1_0116_camera,camera,kamera,A1,Techniczne,techniczne,rzeczownik,techniczne,2,1,3,0,3,o; n;  ; /;  ; a; t,wstępnie kompletne; wymaga końcowej kontroli językowej,"słownictwo specjalistyczne A1 – zostawić w ścieżce technicznej, nie w rdzeniu kursu | brak rejestru językowego",przypisać do lekcji | poprawić lub ręcznie zweryfikować
techniczne_a1_0117_monitor,monitor,monitor,A1,Techniczne,techniczne,rzeczownik,techniczne,2,1,2,0,2,,do ręcznej kontroli (identyczny zapis),"identyczny zapis EN/PL – sprawdzić zapożyczenie | słownictwo specjalistyczne A1 – zostawić w ścieżce technicznej, nie w rdzeniu kursu | brak rejestru językowego",przypisać do lekcji | poprawić lub ręcznie zweryfikować
techniczne_a1_0118_screen,screen,ekran,A1,Techniczne,techniczne,rzeczownik,techniczne,2,1,2,0,2,,wstępnie kompletne; wymaga końcowej kontroli językowej,"słownictwo specjalistyczne A1 – zostawić w ścieżce technicznej, nie w rdzeniu kursu | brak rejestru językowego",przypisać do lekcji | poprawić lub ręcznie zweryfikować
techniczne_a1_0119_keyboard,keyboard,klawiatura,A1,Techniczne,techniczne,rzeczownik,techniczne,2,1,2,0,2,,wstępnie kompletne; wymaga końcowej kontroli językowej,"słownictwo specjalistyczne A1 – zostawić w ścieżce technicznej, nie w rdzeniu kursu | brak rejestru językowego",przypisać do lekcji | poprawić lub ręcznie zweryfikować
techniczne_a1_0120_mouse,mouse,mysz,A1,Techniczne,techniczne,rzeczownik,techniczne,2,1,2,0,2,,wstępnie kompletne; wymaga końcowej kontroli językowej,"słownictwo specjalistyczne A1 – zostawić w ścieżce technicznej, nie w rdzeniu kursu | brak rejestru językowego",przypisać do lekcji | poprawić lub ręcznie zweryfikować
techniczne_a1_0121_speaker,speaker,głośnik,A1,Techniczne,techniczne,rzeczownik,techniczne,2,1,2,0,2,,wstępnie kompletne; wymaga końcowej kontroli językowej,"słownictwo specjalistyczne A1 – zostawić w ścieżce technicznej, nie w rdzeniu kursu | brak rejestru językowego",przypisać do lekcji | poprawić lub ręcznie zweryfikować
techniczne_a1_0122_microphone,microphone,mikrofon,A1,Techniczne,techniczne,rzeczownik,techniczne,2,1,2,0,2,,wstępnie kompletne; wymaga końcowej kontroli językowej,"słownictwo specjalistyczne A1 – zostawić w ścieżce technicznej, nie w rdzeniu kursu | brak rejestru językowego",przypisać do lekcji | poprawić lub ręcznie zweryfikować
techniczne_a1_0123_headphones,headphones,słuchawki,A1,Techniczne,techniczne,rzeczownik,techniczne,2,1,2,0,2,,wstępnie kompletne; wymaga końcowej kontroli językowej,"słownictwo specjalistyczne A1 – zostawić w ścieżce technicznej, nie w rdzeniu kursu | brak rejestru językowego",przypisać do lekcji | poprawić lub ręcznie zweryfikować
techniczne_a1_0124_printer,printer,drukarka,A1,Techniczne,techniczne,rzeczownik,techniczne,2,1,2,0,2,,wstępnie kompletne; wymaga końcowej kontroli językowej,"słownictwo specjalistyczne A1 – zostawić w ścieżce technicznej, nie w rdzeniu kursu | brak rejestru językowego",przypisać do lekcji | poprawić lub ręcznie zweryfikować
techniczne_a1_0125_scanner,scanner,skaner,A1,Techniczne,techniczne,rzeczownik,techniczne,2,1,2,0,2,,wstępnie kompletne; wymaga końcowej kontroli językowej,"słownictwo specjalistyczne A1 – zostawić w ścieżce technicznej, nie w rdzeniu kursu | brak rejestru językowego",przypisać do lekcji | poprawić lub ręcznie zweryfikować
techniczne_a1_0126_drive,drive,dysk,A1,Techniczne,techniczne,rzeczownik,techniczne,2,1,2,0,2,,wstępnie kompletne; wymaga końcowej kontroli językowej,"słownictwo specjalistyczne A1 – zostawić w ścieżce technicznej, nie w rdzeniu kursu | brak rejestru językowego",przypisać do lekcji | poprawić lub ręcznie zweryfikować
techniczne_a1_0127_memory,memory,pamięć,A1,Techniczne,techniczne,rzeczownik,techniczne,2,1,2,0,2,,wstępnie kompletne; wymaga końcowej kontroli językowej,"słownictwo specjalistyczne A1 – zostawić w ścieżce technicznej, nie w rdzeniu kursu | brak rejestru językowego",przypisać do lekcji | poprawić lub ręcznie zweryfikować
techniczne_a1_0128_processor,processor,procesor,A1,Techniczne,techniczne,rzeczownik,techniczne,2,1,2,0,2,,wstępnie kompletne; wymaga końcowej kontroli językowej,"słownictwo specjalistyczne A1 – zostawić w ścieżce technicznej, nie w rdzeniu kursu | brak rejestru językowego",przypisać do lekcji | poprawić lub ręcznie zweryfikować
techniczne_a1_0129_graphics_card,graphics card,karta graficzna,A1,Techniczne,techniczne,zwrot,techniczne,2,2,2,0,2,,wstępnie kompletne; wymaga końcowej kontroli językowej,"słownictwo specjalistyczne A1 – zostawić w ścieżce technicznej, nie w rdzeniu kursu | brak rejestru językowego",przypisać do lekcji | poprawić lub ręcznie zweryfikować
techniczne_a1_0130_motherboard,motherboard,płyta główna,A1,Techniczne,techniczne,rzeczownik,techniczne,2,1,2,0,2,,wstępnie kompletne; wymaga końcowej kontroli językowej,"słownictwo specjalistyczne A1 – zostawić w ścieżce technicznej, nie w rdzeniu kursu | brak rejestru językowego",przypisać do lekcji | poprawić lub ręcznie zweryfikować
techniczne_a1_0131_operating_system,operating system,system operacyjny,A1,Techniczne,techniczne,zwrot,techniczne,2,2,2,0,2,,wstępnie kompletne; wymaga końcowej kontroli językowej,"słownictwo specjalistyczne A1 – zostawić w ścieżce technicznej, nie w rdzeniu kursu | brak rejestru językowego",przypisać do lekcji | poprawić lub ręcznie zweryfikować
techniczne_a1_0132_application,application,aplikacja,A1,Techniczne,techniczne,rzeczownik,techniczne,2,1,2,0,2,f; o; r;  ; /;  ; o; n,wstępnie kompletne; wymaga końcowej kontroli językowej,"słownictwo specjalistyczne A1 – zostawić w ścieżce technicznej, nie w rdzeniu kursu | brak rejestru językowego",przypisać do lekcji | poprawić lub ręcznie zweryfikować
techniczne_a1_0133_browser,browser,przeglądarka,A1,Techniczne,techniczne,rzeczownik,techniczne,2,1,2,0,2,i; n,wstępnie kompletne; wymaga końcowej kontroli językowej,"słownictwo specjalistyczne A1 – zostawić w ścieżce technicznej, nie w rdzeniu kursu | brak rejestru językowego",przypisać do lekcji | poprawić lub ręcznie zweryfikować
techniczne_a1_0134_website,website,strona internetowa,A1,Techniczne,techniczne,rzeczownik,techniczne,2,1,2,0,2,o; n,wstępnie kompletne; wymaga końcowej kontroli językowej,"słownictwo specjalistyczne A1 – zostawić w ścieżce technicznej, nie w rdzeniu kursu | brak rejestru językowego",przypisać do lekcji | poprawić lub ręcznie zweryfikować
techniczne_a1_0135_download,download,pobieranie,A1,Techniczne,techniczne,czasownik,techniczne,2,1,2,0,2,,wstępnie kompletne; wymaga końcowej kontroli językowej,"słownictwo specjalistyczne A1 – zostawić w ścieżce technicznej, nie w rdzeniu kursu | brak rejestru językowego",przypisać do lekcji | poprawić lub ręcznie zweryfikować
techniczne_a1_0136_upload,upload,wysyłanie,A1,Techniczne,techniczne,czasownik,techniczne,2,1,2,0,2,,wstępnie kompletne; wymaga końcowej kontroli językowej,"słownictwo specjalistyczne A1 – zostawić w ścieżce technicznej, nie w rdzeniu kursu | brak rejestru językowego",przypisać do lekcji | poprawić lub ręcznie zweryfikować
techniczne_a1_0137_login,login,logowanie,A1,Techniczne,techniczne,rzeczownik,techniczne,2,1,2,0,2,,wstępnie kompletne; wymaga końcowej kontroli językowej,"słownictwo specjalistyczne A1 – zostawić w ścieżce technicznej, nie w rdzeniu kursu | brak rejestru językowego",przypisać do lekcji | poprawić lub ręcznie zweryfikować
techniczne_a1_0138_logout,logout,wylogowanie,A1,Techniczne,techniczne,rzeczownik,techniczne,2,1,2,0,2,,wstępnie kompletne; wymaga końcowej kontroli językowej,"słownictwo specjalistyczne A1 – zostawić w ścieżce technicznej, nie w rdzeniu kursu | brak rejestru językowego",przypisać do lekcji | poprawić lub ręcznie zweryfikować
techniczne_a1_0139_error,error,błąd,A1,Techniczne,techniczne,rzeczownik,techniczne,2,1,2,0,2,,wstępnie kompletne; wymaga końcowej kontroli językowej,"słownictwo specjalistyczne A1 – zostawić w ścieżce technicznej, nie w rdzeniu kursu | brak rejestru językowego",przypisać do lekcji | poprawić lub ręcznie zweryfikować
techniczne_a1_0140_warning,warning,ostrzeżenie,A1,Techniczne,techniczne,rzeczownik,techniczne,2,1,2,0,2,,wstępnie kompletne; wymaga końcowej kontroli językowej,"słownictwo specjalistyczne A1 – zostawić w ścieżce technicznej, nie w rdzeniu kursu | brak rejestru językowego",przypisać do lekcji | poprawić lub ręcznie zweryfikować
techniczne_a1_0141_restart,restart,restart,A1,Techniczne,techniczne,czasownik,techniczne,2,1,2,0,2,,do ręcznej kontroli (identyczny zapis),"identyczny zapis EN/PL – sprawdzić zapożyczenie | słownictwo specjalistyczne A1 – zostawić w ścieżce technicznej, nie w rdzeniu kursu | brak rejestru językowego",przypisać do lekcji | poprawić lub ręcznie zweryfikować
techniczne_a1_0142_shutdown,shutdown,wyłączenie,A1,Techniczne,techniczne,czasownik,techniczne,2,1,2,0,2,,wstępnie kompletne; wymaga końcowej kontroli językowej,"słownictwo specjalistyczne A1 – zostawić w ścieżce technicznej, nie w rdzeniu kursu | brak rejestru językowego",przypisać do lekcji | poprawić lub ręcznie zweryfikować
techniczne_a1_0143_signal_strength,signal strength,siła sygnału,A1,Techniczne,techniczne,zwrot,techniczne,2,2,2,0,2,,wstępnie kompletne; wymaga końcowej kontroli językowej,"słownictwo specjalistyczne A1 – zostawić w ścieżce technicznej, nie w rdzeniu kursu | brak rejestru językowego",przypisać do lekcji | poprawić lub ręcznie zweryfikować
techniczne_a1_0144_network_cable,network cable,kabel sieciowy,A1,Techniczne,techniczne,zwrot,techniczne,2,2,2,0,2,,wstępnie kompletne; wymaga końcowej kontroli językowej,"słownictwo specjalistyczne A1 – zostawić w ścieżce technicznej, nie w rdzeniu kursu | brak rejestru językowego",przypisać do lekcji | poprawić lub ręcznie zweryfikować
techniczne_a2_0145_ip_address,IP address,adres IP,A2,Techniczne,techniczne,zwrot,techniczne,3,2,2,0,2,,wstępnie kompletne; wymaga końcowej kontroli językowej,brak rejestru językowego,przypisać do lekcji | poprawić lub ręcznie zweryfikować
techniczne_a2_0146_dns_server,DNS server,serwer DNS,B1,Techniczne,techniczne,zwrot,techniczne,4,2,2,0,2,,wstępnie kompletne; wymaga końcowej kontroli językowej,brak rejestru językowego,przypisać do lekcji | poprawić lub ręcznie zweryfikować
techniczne_a2_0147_gateway,gateway,brama sieciowa,B1,Techniczne,techniczne,rzeczownik,techniczne,4,1,2,0,2,,wstępnie kompletne; wymaga końcowej kontroli językowej,brak rejestru językowego,przypisać do lekcji | poprawić lub ręcznie zweryfikować
techniczne_a2_0148_firewall,firewall,zapora,B1,Techniczne,techniczne,rzeczownik,techniczne,4,1,2,0,2,,wstępnie kompletne; wymaga końcowej kontroli językowej,brak rejestru językowego,przypisać do lekcji | poprawić lub ręcznie zweryfikować
techniczne_a2_0149_driver,driver,sterownik,A2,Techniczne,techniczne,rzeczownik,techniczne,3,1,2,0,2,,wstępnie kompletne; wymaga końcowej kontroli językowej,brak rejestru językowego,przypisać do lekcji | poprawić lub ręcznie zweryfikować
techniczne_a2_0150_device_manager,device manager,menedżer urządzeń,B1,Techniczne,techniczne,zwrot,techniczne,4,2,2,0,2,,wstępnie kompletne; wymaga końcowej kontroli językowej,brak rejestru językowego,przypisać do lekcji | poprawić lub ręcznie zweryfikować
techniczne_a2_0151_control_panel,control panel,panel sterowania,A2,Techniczne,techniczne,zwrot,techniczne,3,2,2,0,2,,wstępnie kompletne; wymaga końcowej kontroli językowej,brak rejestru językowego,przypisać do lekcji | poprawić lub ręcznie zweryfikować
techniczne_a2_0152_task_manager,task manager,menedżer zadań,B1,Techniczne,techniczne,zwrot,techniczne,4,2,2,0,2,,wstępnie kompletne; wymaga końcowej kontroli językowej,brak rejestru językowego,przypisać do lekcji | poprawić lub ręcznie zweryfikować
techniczne_a2_0153_storage,storage,pamięć masowa,A2,Techniczne,techniczne,rzeczownik,techniczne,3,1,2,0,2,,wstępnie kompletne; wymaga końcowej kontroli językowej,brak rejestru językowego,przypisać do lekcji | poprawić lub ręcznie zweryfikować
techniczne_a2_0154_cloud,cloud,chmura,A2,Techniczne,techniczne,rzeczownik,techniczne,3,1,2,0,2,,wstępnie kompletne; wymaga końcowej kontroli językowej,brak rejestru językowego,przypisać do lekcji | poprawić lub ręcznie zweryfikować
techniczne_a2_0155_sync,sync,synchronizacja,A2,Techniczne,techniczne,czasownik,techniczne,3,1,2,0,2,,wstępnie kompletne; wymaga końcowej kontroli językowej,brak rejestru językowego,przypisać do lekcji | poprawić lub ręcznie zweryfikować
techniczne_a2_0156_database,database,baza danych,B1,Techniczne,techniczne,rzeczownik,techniczne,4,1,2,0,2,,wstępnie kompletne; wymaga końcowej kontroli językowej,brak rejestru językowego,przypisać do lekcji | poprawić lub ręcznie zweryfikować
techniczne_a2_0157_encryption,encryption,szyfrowanie,B1,Techniczne,techniczne,rzeczownik,techniczne,4,1,2,0,2,,wstępnie kompletne; wymaga końcowej kontroli językowej,brak rejestru językowego,przypisać do lekcji | poprawić lub ręcznie zweryfikować
techniczne_a2_0158_security,security,bezpieczeństwo,B1,Techniczne,techniczne,rzeczownik,techniczne,4,1,2,0,2,,wstępnie kompletne; wymaga końcowej kontroli językowej,brak rejestru językowego,przypisać do lekcji | poprawić lub ręcznie zweryfikować
techniczne_a2_0159_permission_denied,permission denied,odmowa dostępu,B1,Techniczne,techniczne,zwrot,techniczne,4,2,2,0,2,f; o; r;  ; /;  ; t; o,wstępnie kompletne; wymaga końcowej kontroli językowej,brak rejestru językowego,przypisać do lekcji | poprawić lub ręcznie zweryfikować
techniczne_a2_0160_low_battery,low battery,niski poziom baterii,A2,Techniczne,techniczne,zwrot,techniczne,3,2,2,0,2,,wstępnie kompletne; wymaga końcowej kontroli językowej,brak rejestru językowego,przypisać do lekcji | poprawić lub ręcznie zweryfikować
techniczne_a2_0161_charging_port,charging port,gniazdo ładowania,A2,Techniczne,techniczne,zwrot,techniczne,3,2,2,0,2,,wstępnie kompletne; wymaga końcowej kontroli językowej,brak rejestru językowego,przypisać do lekcji | poprawić lub ręcznie zweryfikować
techniczne_a2_0162_voltage,voltage,napięcie,B1,Techniczne,techniczne,rzeczownik,techniczne,4,1,2,0,2,,wstępnie kompletne; wymaga końcowej kontroli językowej,brak rejestru językowego,przypisać do lekcji | poprawić lub ręcznie zweryfikować
techniczne_a2_0163_current,current,prąd,B1,Techniczne,techniczne,rzeczownik,techniczne,4,1,2,0,2,,wstępnie kompletne; wymaga końcowej kontroli językowej,brak rejestru językowego,przypisać do lekcji | poprawić lub ręcznie zweryfikować
techniczne_a2_0164_wire,wire,kabel,A2,Techniczne,techniczne,rzeczownik,techniczne,3,1,2,0,2,,wstępnie kompletne; wymaga końcowej kontroli językowej,brak rejestru językowego,przypisać do lekcji | poprawić lub ręcznie zweryfikować
techniczne_a2_0165_connector,connector,złącze,B1,Techniczne,techniczne,rzeczownik,techniczne,4,1,2,0,2,,wstępnie kompletne; wymaga końcowej kontroli językowej,brak rejestru językowego,przypisać do lekcji | poprawić lub ręcznie zweryfikować
techniczne_a2_0166_mounting_bracket,mounting bracket,uchwyt montażowy,B1,Techniczne,techniczne,zwrot,techniczne,4,2,2,0,2,,wstępnie kompletne; wymaga końcowej kontroli językowej,brak rejestru językowego,przypisać do lekcji | poprawić lub ręcznie zweryfikować
techniczne_a2_0167_ladder,ladder,drabina,A2,Techniczne,techniczne,rzeczownik,techniczne,3,1,3,0,2,,wstępnie kompletne; wymaga końcowej kontroli językowej,brak rejestru językowego,przypisać do lekcji | poprawić lub ręcznie zweryfikować
techniczne_a2_0168_drill,drill,wiertarka,A2,Techniczne,techniczne,rzeczownik,techniczne,3,1,2,0,2,,wstępnie kompletne; wymaga końcowej kontroli językowej,brak rejestru językowego,przypisać do lekcji | poprawić lub ręcznie zweryfikować
techniczne_a2_0169_screw,screw,śruba,A2,Techniczne,techniczne,rzeczownik,techniczne,3,1,2,0,2,,wstępnie kompletne; wymaga końcowej kontroli językowej,brak rejestru językowego,przypisać do lekcji | poprawić lub ręcznie zweryfikować
techniczne_a2_0170_wall_plug,wall plug,kołek rozporowy,A2,Techniczne,techniczne,zwrot,techniczne,3,2,2,0,2,,wstępnie kompletne; wymaga końcowej kontroli językowej,brak rejestru językowego,przypisać do lekcji | poprawić lub ręcznie zweryfikować
techniczne_a2_0171_ceiling,ceiling,sufit,A2,Techniczne,techniczne,rzeczownik,techniczne,3,1,2,0,2,,wstępnie kompletne; wymaga końcowej kontroli językowej,brak rejestru językowego,przypisać do lekcji | poprawić lub ręcznie zweryfikować
techniczne_a2_0172_wall,wall,ściana,A2,Techniczne,techniczne,rzeczownik,techniczne,3,1,2,0,2,,wstępnie kompletne; wymaga końcowej kontroli językowej,brak rejestru językowego,przypisać do lekcji | poprawić lub ręcznie zweryfikować
techniczne_a2_0173_chimney,chimney,komin,A2,Techniczne,techniczne,rzeczownik,techniczne,3,1,2,0,2,,wstępnie kompletne; wymaga końcowej kontroli językowej,brak rejestru językowego,przypisać do lekcji | poprawić lub ręcznie zweryfikować
techniczne_a2_0174_antenna,antenna,antena,A2,Techniczne,techniczne,rzeczownik,techniczne,3,1,2,0,2,,wstępnie kompletne; wymaga końcowej kontroli językowej,brak rejestru językowego,przypisać do lekcji | poprawić lub ręcznie zweryfikować
techniczne_b1_0175_receiver,receiver,odbiornik,B1,Techniczne,techniczne,rzeczownik,techniczne,4,1,2,0,2,,wstępnie kompletne; wymaga końcowej kontroli językowej,brak rejestru językowego,przypisać do lekcji | poprawić lub ręcznie zweryfikować
techniczne_b1_0176_transmitter,transmitter,nadajnik,B1,Techniczne,techniczne,rzeczownik,techniczne,4,1,2,0,2,,wstępnie kompletne; wymaga końcowej kontroli językowej,brak rejestru językowego,przypisać do lekcji | poprawić lub ręcznie zweryfikować
techniczne_b1_0177_coverage,coverage,zasięg,B1,Techniczne,techniczne,rzeczownik,techniczne,4,1,2,0,2,i; n;  ; /;  ; a; c; r; o; s; s,wstępnie kompletne; wymaga końcowej kontroli językowej,brak rejestru językowego,przypisać do lekcji | poprawić lub ręcznie zweryfikować
techniczne_b1_0178_interference,interference,zakłócenia,B1,Techniczne,techniczne,rzeczownik,techniczne,4,1,2,0,2,f; r; o; m;  ; /;  ; w; i; t; h,wstępnie kompletne; wymaga końcowej kontroli językowej,brak rejestru językowego,przypisać do lekcji | poprawić lub ręcznie zweryfikować
techniczne_b1_0179_measurement,measurement,pomiar,B1,Techniczne,techniczne,rzeczownik,techniczne,4,1,2,0,2,o; f,wstępnie kompletne; wymaga końcowej kontroli językowej,brak rejestru językowego,przypisać do lekcji | poprawić lub ręcznie zweryfikować
techniczne_b1_0180_configuration,configuration,konfiguracja,B1,Techniczne,techniczne,rzeczownik,techniczne,4,1,2,0,2,o; f;  ; /;  ; f; o; r,wstępnie kompletne; wymaga końcowej kontroli językowej,brak rejestru językowego,przypisać do lekcji | poprawić lub ręcznie zweryfikować
techniczne_b1_0181_diagnostics,diagnostics,diagnostyka,B1,Techniczne,techniczne,rzeczownik,techniczne,4,1,2,0,2,o; n;  ; /;  ; f; o; r,wstępnie kompletne; wymaga końcowej kontroli językowej,brak rejestru językowego,przypisać do lekcji | poprawić lub ręcznie zweryfikować
techniczne_b1_0182_maintenance,maintenance,konserwacja,B1,Techniczne,techniczne,rzeczownik,techniczne,4,1,2,0,2,o; f;  ; /;  ; o; n,wstępnie kompletne; wymaga końcowej kontroli językowej,brak rejestru językowego,przypisać do lekcji | poprawić lub ręcznie zweryfikować
techniczne_b1_0183_replacement,replacement,wymiana,B1,Techniczne,techniczne,rzeczownik,techniczne,4,1,2,0,2,f; o; r,wstępnie kompletne; wymaga końcowej kontroli językowej,brak rejestru językowego,przypisać do lekcji | poprawić lub ręcznie zweryfikować
techniczne_b1_0184_fault,fault,usterka,B1,Techniczne,techniczne,rzeczownik,techniczne,4,1,2,0,2,i; n;  ; /;  ; w; i; t; h,wstępnie kompletne; wymaga końcowej kontroli językowej,brak rejestru językowego,przypisać do lekcji | poprawić lub ręcznie zweryfikować
techniczne_b1_0185_damage,damage,uszkodzenie,B1,Techniczne,techniczne,rzeczownik,techniczne,4,1,2,0,2,t; o,wstępnie kompletne; wymaga końcowej kontroli językowej,brak rejestru językowego,przypisać do lekcji | poprawić lub ręcznie zweryfikować
praca_a2_0186_i_will_be_there_at_ten,I will be there at ten,Będę tam o dziesiątej,A2,Praca,zdania,zdanie,zawodowe,4,6,1,1,0,,wstępnie kompletne; wymaga końcowej kontroli językowej,brak oczywistych problemów technicznych,przypisać do lekcji | zostawić
praca_a2_0187_please_send_me_the_address,Please send me the address,Proszę wysłać mi adres,A2,Praca,zdania,zdanie,zawodowe,3,5,1,0,0,,wstępnie kompletne; wymaga końcowej kontroli językowej,zdanie bez wariantów odpowiedzi,przypisać do lekcji | poprawić lub ręcznie zweryfikować
praca_a2_0188_i_am_on_my_way,I am on my way,Jestem w drodze,A2,Praca,zdania,zdanie,zawodowe,3,5,1,1,0,,wstępnie kompletne; wymaga końcowej kontroli językowej,brak oczywistych problemów technicznych,przypisać do lekcji | zostawić
praca_a2_0189_i_am_running_late,I am running late,Spóźnię się,A2,Praca,zdania,zdanie,zawodowe,3,4,1,1,0,,wstępnie kompletne; wymaga końcowej kontroli językowej,brak oczywistych problemów technicznych,przypisać do lekcji | zostawić
praca_a2_0190_can_we_change_the_appointment,Can we change the appointment?,Czy możemy zmienić termin?,A2,Praca,zdania,zdanie,zawodowe,3,5,1,1,0,,wstępnie kompletne; wymaga końcowej kontroli językowej,brak oczywistych problemów technicznych,przypisać do lekcji | zostawić
praca_a2_0191_the_price_depends_on_the_work,The price depends on the work,Cena zależy od zakresu pracy,A2,Praca,zdania,zdanie,zawodowe,3,6,1,0,0,,wstępnie kompletne; wymaga końcowej kontroli językowej,zdanie bez wariantów odpowiedzi,przypisać do lekcji | poprawić lub ręcznie zweryfikować
praca_a2_0192_i_need_more_information,I need more information,Potrzebuję więcej informacji,A2,Praca,zdania,zdanie,zawodowe,3,4,1,0,0,,wstępnie kompletne; wymaga końcowej kontroli językowej,zdanie bez wariantów odpowiedzi,przypisać do lekcji | poprawić lub ręcznie zweryfikować
praca_a2_0193_please_confirm_the_date,Please confirm the date,Proszę potwierdzić datę,A2,Praca,zdania,zdanie,zawodowe,3,4,1,0,0,,wstępnie kompletne; wymaga końcowej kontroli językowej,zdanie bez wariantów odpowiedzi,przypisać do lekcji | poprawić lub ręcznie zweryfikować
praca_a2_0194_the_device_is_not_working,The device is not working,Urządzenie nie działa,A2,Praca,zdania,zdanie,zawodowe,3,5,1,1,0,,wstępnie kompletne; wymaga końcowej kontroli językowej,brak oczywistych problemów technicznych,przypisać do lekcji | zostawić
praca_a2_0195_the_cable_is_damaged,The cable is damaged,Przewód jest uszkodzony,A2,Praca,zdania,zdanie,zawodowe,3,4,1,1,0,,wstępnie kompletne; wymaga końcowej kontroli językowej,brak oczywistych problemów technicznych,przypisać do lekcji | zostawić
praca_a2_0196_the_camera_has_no_power,The camera has no power,Kamera nie ma zasilania,A2,Praca,zdania,zdanie,zawodowe,3,5,1,0,0,,wstępnie kompletne; wymaga końcowej kontroli językowej,zdanie bez wariantów odpowiedzi,przypisać do lekcji | poprawić lub ręcznie zweryfikować
praca_a2_0197_the_internet_connection_is_unstable,The internet connection is unstable,Połączenie internetowe jest niestabilne,A2,Praca,zdania,zdanie,zawodowe,3,5,1,0,0,,wstępnie kompletne; wymaga końcowej kontroli językowej,zdanie bez wariantów odpowiedzi,przypisać do lekcji | poprawić lub ręcznie zweryfikować
praca_a2_0198_i_have_finished_the_installation,I have finished the installation,Zakończyłem instalację,A2,Praca,zdania,zdanie,zawodowe,3,5,1,1,0,,wstępnie kompletne; wymaga końcowej kontroli językowej,brak oczywistych problemów technicznych,przypisać do lekcji | zostawić
praca_a2_0199_everything_is_working_correctly,Everything is working correctly,Wszystko działa poprawnie,A2,Praca,zdania,zdanie,zawodowe,3,4,1,0,0,,wstępnie kompletne; wymaga końcowej kontroli językowej,zdanie bez wariantów odpowiedzi,przypisać do lekcji | poprawić lub ręcznie zweryfikować
praca_a2_0200_please_test_it_now,Please test it now,Proszę teraz to sprawdzić,A2,Praca,zdania,zdanie,zawodowe,3,4,1,0,0,,wstępnie kompletne; wymaga końcowej kontroli językowej,zdanie bez wariantów odpowiedzi,przypisać do lekcji | poprawić lub ręcznie zweryfikować
praca_b1_0201_i_can_come_tomorrow,I can come tomorrow,Mogę przyjechać jutro,B1,Praca,zdania,zdanie,zawodowe,4,4,1,1,0,,wstępnie kompletne; wymaga końcowej kontroli językowej,brak oczywistych problemów technicznych,przypisać do lekcji | zostawić
praca_b1_0202_this_part_must_be_replaced,This part must be replaced,Tę część trzeba wymienić,B1,Praca,zdania,zdanie,zawodowe,5,5,1,0,0,,wstępnie kompletne; wymaga końcowej kontroli językowej,zdanie bez wariantów odpowiedzi,przypisać do lekcji | poprawić lub ręcznie zweryfikować
praca_b1_0203_the_signal_is_too_weak_here,The signal is too weak here,Tutaj sygnał jest zbyt słaby,B1,Praca,zdania,zdanie,zawodowe,4,6,1,1,0,,wstępnie kompletne; wymaga końcowej kontroli językowej,brak oczywistych problemów technicznych,przypisać do lekcji | zostawić
praca_b1_0204_the_router_needs_to_be_restarted,The router needs to be restarted,Router trzeba zrestartować,B1,Praca,zdania,zdanie,zawodowe,4,6,1,0,0,,wstępnie kompletne; wymaga końcowej kontroli językowej,zdanie bez wariantów odpowiedzi,przypisać do lekcji | poprawić lub ręcznie zweryfikować
praca_b1_0205_i_will_send_the_invoice_later,I will send the invoice later,Wyślę fakturę później,B1,Praca,zdania,zdanie,zawodowe,4,6,1,1,0,,wstępnie kompletne; wymaga końcowej kontroli językowej,brak oczywistych problemów technicznych,przypisać do lekcji | zostawić
praca_b1_0206_do_you_have_wi_fi_password,Do you have Wi-Fi password?,Czy ma Pan hasło do Wi-Fi?,B1,Praca,zdania,zdanie,zawodowe,4,6,1,0,0,,wstępnie kompletne; wymaga końcowej kontroli językowej,zdanie bez wariantów odpowiedzi,przypisać do lekcji | poprawić lub ręcznie zweryfikować
praca_b1_0207_where_should_i_install_the_camera,Where should I install the camera?,Gdzie mam zamontować kamerę?,B1,Praca,zdania,zdanie,zawodowe,4,6,1,0,0,,wstępnie kompletne; wymaga końcowej kontroli językowej,zdanie bez wariantów odpowiedzi,przypisać do lekcji | poprawić lub ręcznie zweryfikować
praca_b1_0208_the_cable_will_go_along_the_wall,The cable will go along the wall,Kabel będzie szedł wzdłuż ściany,B1,Praca,zdania,zdanie,zawodowe,5,7,1,0,0,,wstępnie kompletne; wymaga końcowej kontroli językowej,zdanie bez wariantów odpowiedzi,przypisać do lekcji | poprawić lub ręcznie zweryfikować
praca_b1_0209_this_solution_is_cheaper,This solution is cheaper,To rozwiązanie jest tańsze,B1,Praca,zdania,zdanie,zawodowe,4,4,1,0,0,,wstępnie kompletne; wymaga końcowej kontroli językowej,zdanie bez wariantów odpowiedzi,przypisać do lekcji | poprawić lub ręcznie zweryfikować
praca_b1_0210_this_solution_is_more_reliable,This solution is more reliable,To rozwiązanie jest bardziej niezawodne,B1,Praca,zdania,zdanie,zawodowe,4,5,1,0,0,,wstępnie kompletne; wymaga końcowej kontroli językowej,zdanie bez wariantów odpowiedzi,przypisać do lekcji | poprawić lub ręcznie zweryfikować
praca_b1_0211_we_need_better_coverage,We need better coverage,Potrzebujemy lepszego zasięgu,B1,Praca,zdania,zdanie,zawodowe,4,4,1,0,0,,wstępnie kompletne; wymaga końcowej kontroli językowej,zdanie bez wariantów odpowiedzi,przypisać do lekcji | poprawić lub ręcznie zweryfikować
praca_b1_0212_the_installation_is_complete,The installation is complete,Instalacja jest zakończona,B1,Praca,zdania,zdanie,zawodowe,4,4,1,1,0,,wstępnie kompletne; wymaga końcowej kontroli językowej,powtórzony angielski zapis – sprawdzić znaczenia,przypisać do lekcji | poprawić lub ręcznie zweryfikować
praca_b1_0213_please_sign_here,Please sign here,Proszę podpisać tutaj,B1,Praca,zdania,zdanie,zawodowe,4,3,1,0,0,,wstępnie kompletne; wymaga końcowej kontroli językowej,zdanie bez wariantów odpowiedzi,przypisać do lekcji | poprawić lub ręcznie zweryfikować
praca_b1_0214_i_will_clean_up_after_work,I will clean up after work,Posprzątam po pracy,B1,Praca,zdania,zdanie,zawodowe,4,6,1,1,0,,wstępnie kompletne; wymaga końcowej kontroli językowej,brak oczywistych problemów technicznych,przypisać do lekcji | zostawić
praca_b1_0215_call_me_if_there_is_a_problem,Call me if there is a problem,"Proszę zadzwonić, jeśli będzie problem",B1,Praca,zdania,zdanie,zawodowe,5,7,1,0,0,,wstępnie kompletne; wymaga końcowej kontroli językowej,zdanie bez wariantów odpowiedzi,przypisać do lekcji | poprawić lub ręcznie zweryfikować
praca_a2_0216_i_need_to_check_the_router,I need to check the router,Muszę sprawdzić router,A2,Praca,praktyczne zdania,zdanie,zawodowe,3,6,1,1,0,,wstępnie kompletne; wymaga końcowej kontroli językowej,brak oczywistych problemów technicznych,przypisać do lekcji | zostawić
praca_a2_0217_i_need_to_check_the_camera,I need to check the camera,Muszę sprawdzić kamerę,A2,Praca,praktyczne zdania,zdanie,zawodowe,3,6,1,1,0,,wstępnie kompletne; wymaga końcowej kontroli językowej,brak oczywistych problemów technicznych,przypisać do lekcji | zostawić
praca_a2_0219_i_need_to_check_the_settings,I need to check the settings,Muszę sprawdzić ustawienia,A2,Praca,praktyczne zdania,zdanie,zawodowe,3,6,1,1,0,,wstępnie kompletne; wymaga końcowej kontroli językowej,brak oczywistych problemów technicznych,przypisać do lekcji | zostawić
praca_a2_0220_i_need_to_check_the_application,I need to check the application,Muszę sprawdzić aplikację,A2,Praca,praktyczne zdania,zdanie,zawodowe,3,6,1,1,0,,wstępnie kompletne; wymaga końcowej kontroli językowej,brak oczywistych problemów technicznych,przypisać do lekcji | zostawić
praca_a2_0221_i_need_to_check_the_file,I need to check the file,Muszę sprawdzić plik,A2,Praca,praktyczne zdania,zdanie,zawodowe,3,6,1,1,0,,wstępnie kompletne; wymaga końcowej kontroli językowej,brak oczywistych problemów technicznych,przypisać do lekcji | zostawić
praca_a2_0222_i_need_to_check_the_password,I need to verify the password,Muszę zweryfikować hasło,A2,Praca,praktyczne zdania,zdanie,zawodowe,3,6,1,1,0,,wstępnie kompletne; wymaga końcowej kontroli językowej,brak oczywistych problemów technicznych,przypisać do lekcji | zostawić
praca_a2_0223_i_need_to_check_the_connection,I need to check the connection,Muszę sprawdzić połączenie,A2,Praca,praktyczne zdania,zdanie,zawodowe,3,6,1,1,0,,wstępnie kompletne; wymaga końcowej kontroli językowej,brak oczywistych problemów technicznych,przypisać do lekcji | zostawić
praca_a2_0224_i_need_to_check_the_battery,I need to check the battery,Muszę sprawdzić baterię,A2,Praca,praktyczne zdania,zdanie,zawodowe,3,6,1,1,0,,wstępnie kompletne; wymaga końcowej kontroli językowej,brak oczywistych problemów technicznych,przypisać do lekcji | zostawić
praca_a2_0225_i_need_to_check_the_device,I need to check the device,Muszę sprawdzić urządzenie,A2,Praca,praktyczne zdania,zdanie,zawodowe,3,6,1,1,0,,wstępnie kompletne; wymaga końcowej kontroli językowej,brak oczywistych problemów technicznych,przypisać do lekcji | zostawić
praca_a2_0226_i_need_to_install_the_router,I need to install the router,Muszę zainstalować router,A2,Praca,praktyczne zdania,zdanie,zawodowe,3,6,1,1,0,,wstępnie kompletne; wymaga końcowej kontroli językowej,brak oczywistych problemów technicznych,przypisać do lekcji | zostawić
praca_a2_0227_i_need_to_install_the_camera,I need to install the camera,Muszę zainstalować kamerę,A2,Praca,praktyczne zdania,zdanie,zawodowe,3,6,1,1,0,,wstępnie kompletne; wymaga końcowej kontroli językowej,brak oczywistych problemów technicznych,przypisać do lekcji | zostawić
praca_a2_0228_i_need_to_install_the_cable,I need to install the cable,Muszę zainstalować przewód,A2,Praca,praktyczne zdania,zdanie,zawodowe,3,6,1,1,0,,wstępnie kompletne; wymaga końcowej kontroli językowej,brak oczywistych problemów technicznych,przypisać do lekcji | zostawić
praca_a2_0229_i_need_to_install_the_settings,I need to configure the settings,Muszę skonfigurować ustawienia,A2,Praca,praktyczne zdania,zdanie,zawodowe,3,6,1,1,0,,wstępnie kompletne; wymaga końcowej kontroli językowej,brak oczywistych problemów technicznych,przypisać do lekcji | zostawić
praca_a2_0230_i_need_to_install_the_application,I need to install the application,Muszę zainstalować aplikację,A2,Praca,praktyczne zdania,zdanie,zawodowe,3,6,1,1,0,,wstępnie kompletne; wymaga końcowej kontroli językowej,brak oczywistych problemów technicznych,przypisać do lekcji | zostawić
praca_a2_0231_i_need_to_install_the_file,I need to install the update file,Muszę zainstalować plik aktualizacji,A2,Praca,praktyczne zdania,zdanie,zawodowe,4,7,1,1,0,,wstępnie kompletne; wymaga końcowej kontroli językowej,brak oczywistych problemów technicznych,przypisać do lekcji | zostawić
praca_a2_0232_i_need_to_install_the_password,I need to set a new password,Muszę ustawić nowe hasło,A2,Praca,praktyczne zdania,zdanie,zawodowe,4,7,1,1,0,,wstępnie kompletne; wymaga końcowej kontroli językowej,brak oczywistych problemów technicznych,przypisać do lekcji | zostawić
praca_a2_0233_i_need_to_install_the_connection,I need to set up the connection,Muszę skonfigurować połączenie,A2,Praca,praktyczne zdania,zdanie,zawodowe,4,7,1,1,0,,wstępnie kompletne; wymaga końcowej kontroli językowej,brak oczywistych problemów technicznych,przypisać do lekcji | zostawić
praca_a2_0234_i_need_to_install_the_battery,I need to install the battery,Muszę zainstalować baterię,A2,Praca,praktyczne zdania,zdanie,zawodowe,3,6,1,1,0,,wstępnie kompletne; wymaga końcowej kontroli językowej,brak oczywistych problemów technicznych,przypisać do lekcji | zostawić
praca_a2_0235_i_need_to_install_the_device,I need to install the device,Muszę zainstalować urządzenie,A2,Praca,praktyczne zdania,zdanie,zawodowe,3,6,1,1,0,,wstępnie kompletne; wymaga końcowej kontroli językowej,brak oczywistych problemów technicznych,przypisać do lekcji | zostawić
praca_a2_0236_i_need_to_repair_the_router,I need to repair the router,Muszę naprawić router,A2,Praca,praktyczne zdania,zdanie,zawodowe,3,6,1,1,0,,wstępnie kompletne; wymaga końcowej kontroli językowej,brak oczywistych problemów technicznych,przypisać do lekcji | zostawić
praca_a2_0237_i_need_to_repair_the_camera,I need to repair the camera,Muszę naprawić kamerę,A2,Praca,praktyczne zdania,zdanie,zawodowe,3,6,1,1,0,,wstępnie kompletne; wymaga końcowej kontroli językowej,brak oczywistych problemów technicznych,przypisać do lekcji | zostawić
praca_a2_0238_i_need_to_repair_the_cable,I need to repair the cable,Muszę naprawić przewód,A2,Praca,praktyczne zdania,zdanie,zawodowe,3,6,1,1,0,,wstępnie kompletne; wymaga końcowej kontroli językowej,brak oczywistych problemów technicznych,przypisać do lekcji | zostawić
praca_a2_0239_i_need_to_repair_the_settings,I need to correct the settings,Muszę poprawić ustawienia,A2,Praca,praktyczne zdania,zdanie,zawodowe,3,6,1,1,0,,wstępnie kompletne; wymaga końcowej kontroli językowej,brak oczywistych problemów technicznych,przypisać do lekcji | zostawić
praca_a2_0240_i_need_to_repair_the_application,I need to repair the application,Muszę naprawić aplikację,A2,Praca,praktyczne zdania,zdanie,zawodowe,3,6,1,1,0,,wstępnie kompletne; wymaga końcowej kontroli językowej,brak oczywistych problemów technicznych,przypisać do lekcji | zostawić
praca_a2_0241_i_need_to_repair_the_file,I need to repair the damaged file,Muszę naprawić uszkodzony plik,B1,Praca,praktyczne zdania,zdanie,zawodowe,5,7,1,1,0,,wstępnie kompletne; wymaga końcowej kontroli językowej,brak oczywistych problemów technicznych,przypisać do lekcji | zostawić
praca_a2_0242_i_need_to_repair_the_password,I need to reset the password,Muszę zresetować hasło,A2,Praca,praktyczne zdania,zdanie,zawodowe,3,6,1,1,0,,wstępnie kompletne; wymaga końcowej kontroli językowej,brak oczywistych problemów technicznych,przypisać do lekcji | zostawić
praca_a2_0243_i_need_to_repair_the_connection,I need to fix the connection,Muszę naprawić połączenie,A2,Praca,praktyczne zdania,zdanie,zawodowe,3,6,1,1,0,,wstępnie kompletne; wymaga końcowej kontroli językowej,brak oczywistych problemów technicznych,przypisać do lekcji | zostawić
praca_a2_0244_i_need_to_repair_the_battery,I need to test the damaged battery before replacing it,Muszę sprawdzić uszkodzoną baterię przed jej wymianą,B1,Praca,praktyczne zdania,zdanie,zawodowe,5,10,1,1,0,,wstępnie kompletne; wymaga końcowej kontroli językowej,brak oczywistych problemów technicznych,przypisać do lekcji | zostawić
praca_a2_0245_i_need_to_repair_the_device,I need to repair the device,Muszę naprawić urządzenie,A2,Praca,praktyczne zdania,zdanie,zawodowe,3,6,1,1,0,,wstępnie kompletne; wymaga końcowej kontroli językowej,brak oczywistych problemów technicznych,przypisać do lekcji | zostawić
praca_a2_0246_i_need_to_replace_the_router,I need to replace the router,Muszę wymienić router,A2,Praca,praktyczne zdania,zdanie,zawodowe,3,6,1,1,0,,wstępnie kompletne; wymaga końcowej kontroli językowej,brak oczywistych problemów technicznych,przypisać do lekcji | zostawić
praca_a2_0247_i_need_to_replace_the_camera,I need to replace the camera,Muszę wymienić kamerę,A2,Praca,praktyczne zdania,zdanie,zawodowe,3,6,1,1,0,,wstępnie kompletne; wymaga końcowej kontroli językowej,brak oczywistych problemów technicznych,przypisać do lekcji | zostawić
praca_a2_0248_i_need_to_replace_the_cable,I need to replace the cable,Muszę wymienić przewód,A2,Praca,praktyczne zdania,zdanie,zawodowe,3,6,1,1,0,,wstępnie kompletne; wymaga końcowej kontroli językowej,brak oczywistych problemów technicznych,przypisać do lekcji | zostawić
praca_a2_0249_i_need_to_replace_the_settings,I need to restore the default settings,Muszę przywrócić ustawienia domyślne,B1,Praca,praktyczne zdania,zdanie,zawodowe,5,7,1,1,0,,wstępnie kompletne; wymaga końcowej kontroli językowej,brak oczywistych problemów technicznych,przypisać do lekcji | zostawić
praca_a2_0250_i_need_to_replace_the_application,I need to install a different application,Muszę zainstalować inną aplikację,A2,Praca,praktyczne zdania,zdanie,zawodowe,4,7,1,1,0,,wstępnie kompletne; wymaga końcowej kontroli językowej,brak oczywistych problemów technicznych,przypisać do lekcji | zostawić
praca_a2_0251_i_need_to_replace_the_file,I need to replace the damaged file,Muszę zastąpić uszkodzony plik,B1,Praca,praktyczne zdania,zdanie,zawodowe,5,7,1,1,0,,wstępnie kompletne; wymaga końcowej kontroli językowej,brak oczywistych problemów technicznych,przypisać do lekcji | zostawić
praca_a2_0252_i_need_to_replace_the_password,I need to change the password,Muszę zmienić hasło,A2,Praca,praktyczne zdania,zdanie,zawodowe,3,6,1,1,0,,wstępnie kompletne; wymaga końcowej kontroli językowej,brak oczywistych problemów technicznych,przypisać do lekcji | zostawić
praca_a2_0253_i_need_to_replace_the_connection,I need to switch to a different connection,Muszę przełączyć się na inne połączenie,B1,Praca,praktyczne zdania,zdanie,zawodowe,5,8,1,1,0,,wstępnie kompletne; wymaga końcowej kontroli językowej,brak oczywistych problemów technicznych,przypisać do lekcji | zostawić
praca_a2_0254_i_need_to_replace_the_battery,I need to replace the battery,Muszę wymienić baterię,A2,Praca,praktyczne zdania,zdanie,zawodowe,3,6,1,1,0,,wstępnie kompletne; wymaga końcowej kontroli językowej,brak oczywistych problemów technicznych,przypisać do lekcji | zostawić
praca_a2_0255_i_need_to_replace_the_device,I need to replace the device,Muszę wymienić urządzenie,A2,Praca,praktyczne zdania,zdanie,zawodowe,3,6,1,1,0,,wstępnie kompletne; wymaga końcowej kontroli językowej,brak oczywistych problemów technicznych,przypisać do lekcji | zostawić
praca_a2_0256_i_need_to_connect_the_router,I need to connect the router,Muszę podłączyć router,A2,Praca,praktyczne zdania,zdanie,zawodowe,3,6,1,1,0,,wstępnie kompletne; wymaga końcowej kontroli językowej,brak oczywistych problemów technicznych,przypisać do lekcji | zostawić
praca_a2_0257_i_need_to_connect_the_camera,I need to connect the camera,Muszę podłączyć kamerę,A2,Praca,praktyczne zdania,zdanie,zawodowe,3,6,1,1,0,,wstępnie kompletne; wymaga końcowej kontroli językowej,brak oczywistych problemów technicznych,przypisać do lekcji | zostawić
praca_a2_0258_i_need_to_connect_the_cable,I need to connect the cable,Muszę podłączyć przewód,A2,Praca,praktyczne zdania,zdanie,zawodowe,3,6,1,1,0,,wstępnie kompletne; wymaga końcowej kontroli językowej,brak oczywistych problemów technicznych,przypisać do lekcji | zostawić
praca_a2_0259_i_need_to_connect_the_settings,I need to select the correct network profile,Muszę wybrać właściwy profil sieciowy,B1,Praca,praktyczne zdania,zdanie,zawodowe,5,8,1,1,0,,wstępnie kompletne; wymaga końcowej kontroli językowej,brak oczywistych problemów technicznych,przypisać do lekcji | zostawić
praca_a2_0260_i_need_to_connect_the_application,I need to connect the application to the account,Muszę połączyć aplikację z kontem,B1,Praca,praktyczne zdania,zdanie,zawodowe,5,9,1,1,0,,wstępnie kompletne; wymaga końcowej kontroli językowej,brak oczywistych problemów technicznych,przypisać do lekcji | zostawić
praca_a2_0261_i_need_to_connect_the_file,I need to attach the file,Muszę dołączyć plik,A2,Praca,praktyczne zdania,zdanie,zawodowe,3,6,1,1,0,,wstępnie kompletne; wymaga końcowej kontroli językowej,brak oczywistych problemów technicznych,przypisać do lekcji | zostawić
praca_a2_0262_i_need_to_connect_the_password,I need to enter the password,Muszę wpisać hasło,A2,Praca,praktyczne zdania,zdanie,zawodowe,3,6,1,1,0,,wstępnie kompletne; wymaga końcowej kontroli językowej,brak oczywistych problemów technicznych,przypisać do lekcji | zostawić
praca_a2_0263_i_need_to_connect_the_connection,I need to establish the connection,Muszę nawiązać połączenie,B1,Praca,praktyczne zdania,zdanie,zawodowe,4,6,1,1,0,,wstępnie kompletne; wymaga końcowej kontroli językowej,brak oczywistych problemów technicznych,przypisać do lekcji | zostawić
praca_a2_0264_i_need_to_connect_the_battery,I need to connect the battery,Muszę podłączyć baterię,A2,Praca,praktyczne zdania,zdanie,zawodowe,3,6,1,1,0,,wstępnie kompletne; wymaga końcowej kontroli językowej,brak oczywistych problemów technicznych,przypisać do lekcji | zostawić
praca_a2_0265_i_need_to_connect_the_device,I need to connect the device,Muszę podłączyć urządzenie,A2,Praca,praktyczne zdania,zdanie,zawodowe,3,6,1,1,0,,wstępnie kompletne; wymaga końcowej kontroli językowej,brak oczywistych problemów technicznych,przypisać do lekcji | zostawić
praca_a2_0266_i_need_to_disconnect_the_router,I need to disconnect the router,Muszę odłączyć router,A2,Praca,praktyczne zdania,zdanie,zawodowe,3,6,1,1,0,,wstępnie kompletne; wymaga końcowej kontroli językowej,brak oczywistych problemów technicznych,przypisać do lekcji | zostawić
praca_a2_0267_i_need_to_disconnect_the_camera,I need to disconnect the camera,Muszę odłączyć kamerę,A2,Praca,praktyczne zdania,zdanie,zawodowe,3,6,1,1,0,,wstępnie kompletne; wymaga końcowej kontroli językowej,brak oczywistych problemów technicznych,przypisać do lekcji | zostawić
praca_a2_0268_i_need_to_disconnect_the_cable,I need to disconnect the cable,Muszę odłączyć przewód,A2,Praca,praktyczne zdania,zdanie,zawodowe,3,6,1,1,0,,wstępnie kompletne; wymaga końcowej kontroli językowej,brak oczywistych problemów technicznych,przypisać do lekcji | zostawić
praca_a2_0269_i_need_to_disconnect_the_settings,I need to turn off this setting,Muszę wyłączyć to ustawienie,A2,Praca,praktyczne zdania,zdanie,zawodowe,4,7,1,1,0,,wstępnie kompletne; wymaga końcowej kontroli językowej,brak oczywistych problemów technicznych,przypisać do lekcji | zostawić
praca_a2_0270_i_need_to_disconnect_the_application,I need to disconnect the application from the account,Muszę odłączyć aplikację od konta,B1,Praca,praktyczne zdania,zdanie,zawodowe,5,9,1,1,0,,wstępnie kompletne; wymaga końcowej kontroli językowej,brak oczywistych problemów technicznych,przypisać do lekcji | zostawić
praca_a2_0271_i_need_to_disconnect_the_file,I need to detach the file,Muszę odłączyć plik,A2,Praca,praktyczne zdania,zdanie,zawodowe,3,6,1,1,0,,wstępnie kompletne; wymaga końcowej kontroli językowej,brak oczywistych problemów technicznych,przypisać do lekcji | zostawić
praca_a2_0272_i_need_to_disconnect_the_password,I need to remove the saved password,Muszę usunąć zapisane hasło,A2,Praca,praktyczne zdania,zdanie,zawodowe,4,7,1,1,0,,wstępnie kompletne; wymaga końcowej kontroli językowej,brak oczywistych problemów technicznych,przypisać do lekcji | zostawić
praca_a2_0273_i_need_to_disconnect_the_connection,I need to end the connection,Muszę zakończyć połączenie,B1,Praca,praktyczne zdania,zdanie,zawodowe,4,6,1,1,0,,wstępnie kompletne; wymaga końcowej kontroli językowej,brak oczywistych problemów technicznych,przypisać do lekcji | zostawić
praca_a2_0274_i_need_to_disconnect_the_battery,I need to disconnect the battery,Muszę odłączyć baterię,A2,Praca,praktyczne zdania,zdanie,zawodowe,3,6,1,1,0,,wstępnie kompletne; wymaga końcowej kontroli językowej,brak oczywistych problemów technicznych,przypisać do lekcji | zostawić
praca_a2_0275_i_need_to_disconnect_the_device,I need to disconnect the device,Muszę odłączyć urządzenie,A2,Praca,praktyczne zdania,zdanie,zawodowe,3,6,1,1,0,,wstępnie kompletne; wymaga końcowej kontroli językowej,brak oczywistych problemów technicznych,przypisać do lekcji | zostawić
praca_a2_0276_i_need_to_configure_the_router,I need to configure the router,Muszę skonfigurować router,A2,Praca,praktyczne zdania,zdanie,zawodowe,3,6,1,1,0,,wstępnie kompletne; wymaga końcowej kontroli językowej,brak oczywistych problemów technicznych,przypisać do lekcji | zostawić
praca_a2_0277_i_need_to_configure_the_camera,I need to configure the camera,Muszę skonfigurować kamerę,A2,Praca,praktyczne zdania,zdanie,zawodowe,3,6,1,1,0,,wstępnie kompletne; wymaga końcowej kontroli językowej,brak oczywistych problemów technicznych,przypisać do lekcji | zostawić
praca_a2_0278_i_need_to_configure_the_cable,I need to set the cable type in the recorder,Muszę ustawić typ przewodu w rejestratorze,B1,Praca,praktyczne zdania,zdanie,zawodowe,5,10,1,1,0,,wstępnie kompletne; wymaga końcowej kontroli językowej,brak oczywistych problemów technicznych,przypisać do lekcji | zostawić
praca_a2_0280_i_need_to_configure_the_application,I need to configure the application,Muszę skonfigurować aplikację,A2,Praca,praktyczne zdania,zdanie,zawodowe,3,6,1,1,0,,wstępnie kompletne; wymaga końcowej kontroli językowej,brak oczywistych problemów technicznych,przypisać do lekcji | zostawić
praca_a2_0281_i_need_to_configure_the_file,I need to edit the configuration file,Muszę edytować plik konfiguracyjny,B1,Praca,praktyczne zdania,zdanie,zawodowe,5,7,1,1,0,,wstępnie kompletne; wymaga końcowej kontroli językowej,brak oczywistych problemów technicznych,przypisać do lekcji | zostawić
praca_a2_0282_i_need_to_configure_the_password,I need to configure the password rules,Muszę skonfigurować zasady haseł,B1,Praca,praktyczne zdania,zdanie,zawodowe,5,7,1,1,0,,wstępnie kompletne; wymaga końcowej kontroli językowej,brak oczywistych problemów technicznych,przypisać do lekcji | zostawić
praca_a2_0283_i_need_to_configure_the_connection,I need to configure the connection,Muszę skonfigurować połączenie,A2,Praca,praktyczne zdania,zdanie,zawodowe,3,6,1,1,0,,wstępnie kompletne; wymaga końcowej kontroli językowej,brak oczywistych problemów technicznych,przypisać do lekcji | zostawić
praca_a2_0284_i_need_to_configure_the_battery,I need to calibrate the battery,Muszę skalibrować baterię,B1,Praca,praktyczne zdania,zdanie,zawodowe,4,6,1,1,0,,wstępnie kompletne; wymaga końcowej kontroli językowej,brak oczywistych problemów technicznych,przypisać do lekcji | zostawić
praca_a2_0285_i_need_to_configure_the_device,I need to configure the device,Muszę skonfigurować urządzenie,A2,Praca,praktyczne zdania,zdanie,zawodowe,3,6,1,1,0,,wstępnie kompletne; wymaga końcowej kontroli językowej,brak oczywistych problemów technicznych,przypisać do lekcji | zostawić
praca_a2_0286_i_need_to_measure_the_router,I need to measure the signal near the router,Muszę zmierzyć sygnał w pobliżu routera,B1,Praca,praktyczne zdania,zdanie,zawodowe,5,9,1,1,0,,wstępnie kompletne; wymaga końcowej kontroli językowej,brak oczywistych problemów technicznych,przypisać do lekcji | zostawić
praca_a2_0287_i_need_to_measure_the_camera,I need to measure the distance to the camera,Muszę zmierzyć odległość do kamery,B1,Praca,praktyczne zdania,zdanie,zawodowe,5,9,1,1,0,,wstępnie kompletne; wymaga końcowej kontroli językowej,brak oczywistych problemów technicznych,przypisać do lekcji | zostawić
praca_a2_0288_i_need_to_measure_the_cable,I need to measure the cable length,Muszę zmierzyć długość przewodu,A2,Praca,praktyczne zdania,zdanie,zawodowe,4,7,1,1,0,,wstępnie kompletne; wymaga końcowej kontroli językowej,brak oczywistych problemów technicznych,przypisać do lekcji | zostawić
praca_a2_0289_i_need_to_measure_the_settings,I need to compare the current settings,Muszę porównać bieżące ustawienia,B1,Praca,praktyczne zdania,zdanie,zawodowe,5,7,1,1,0,,wstępnie kompletne; wymaga końcowej kontroli językowej,brak oczywistych problemów technicznych,przypisać do lekcji | zostawić
praca_a2_0290_i_need_to_measure_the_application,I need to measure the application performance,Muszę zmierzyć wydajność aplikacji,B1,Praca,praktyczne zdania,zdanie,zawodowe,5,7,1,1,0,,wstępnie kompletne; wymaga końcowej kontroli językowej,brak oczywistych problemów technicznych,przypisać do lekcji | zostawić
praca_a2_0291_i_need_to_measure_the_file,I need to check the file size,Muszę sprawdzić rozmiar pliku,A2,Praca,praktyczne zdania,zdanie,zawodowe,4,7,1,1,0,,wstępnie kompletne; wymaga końcowej kontroli językowej,brak oczywistych problemów technicznych,przypisać do lekcji | zostawić
praca_a2_0292_i_need_to_measure_the_password,I need to check the password strength,Muszę sprawdzić siłę hasła,B1,Praca,praktyczne zdania,zdanie,zawodowe,5,7,1,1,0,,wstępnie kompletne; wymaga końcowej kontroli językowej,brak oczywistych problemów technicznych,przypisać do lekcji | zostawić
praca_a2_0293_i_need_to_measure_the_connection,I need to measure the connection speed,Muszę zmierzyć prędkość połączenia,A2,Praca,praktyczne zdania,zdanie,zawodowe,4,7,1,1,0,,wstępnie kompletne; wymaga końcowej kontroli językowej,brak oczywistych problemów technicznych,przypisać do lekcji | zostawić
praca_a2_0294_i_need_to_measure_the_battery,I need to measure the battery voltage,Muszę zmierzyć napięcie baterii,A2,Praca,praktyczne zdania,zdanie,zawodowe,4,7,1,1,0,,wstępnie kompletne; wymaga końcowej kontroli językowej,brak oczywistych problemów technicznych,przypisać do lekcji | zostawić
praca_a2_0295_i_need_to_measure_the_device,I need to measure the device power consumption,Muszę zmierzyć pobór energii urządzenia,B1,Praca,praktyczne zdania,zdanie,zawodowe,5,8,1,1,0,,wstępnie kompletne; wymaga końcowej kontroli językowej,brak oczywistych problemów technicznych,przypisać do lekcji | zostawić
praca_a2_0296_i_need_to_test_the_router,I need to test the router,Muszę przetestować router,A2,Praca,praktyczne zdania,zdanie,zawodowe,3,6,1,1,0,,wstępnie kompletne; wymaga końcowej kontroli językowej,brak oczywistych problemów technicznych,przypisać do lekcji | zostawić
praca_a2_0297_i_need_to_test_the_camera,I need to test the camera,Muszę przetestować kamerę,A2,Praca,praktyczne zdania,zdanie,zawodowe,3,6,1,1,0,,wstępnie kompletne; wymaga końcowej kontroli językowej,brak oczywistych problemów technicznych,przypisać do lekcji | zostawić
praca_a2_0298_i_need_to_test_the_cable,I need to test the cable,Muszę przetestować przewód,A2,Praca,praktyczne zdania,zdanie,zawodowe,3,6,1,1,0,,wstępnie kompletne; wymaga końcowej kontroli językowej,brak oczywistych problemów technicznych,przypisać do lekcji | zostawić
praca_a2_0299_i_need_to_test_the_settings,I need to test the new settings,Muszę przetestować nowe ustawienia,A2,Praca,praktyczne zdania,zdanie,zawodowe,4,7,1,1,0,,wstępnie kompletne; wymaga końcowej kontroli językowej,brak oczywistych problemów technicznych,przypisać do lekcji | zostawić
praca_a2_0300_i_need_to_test_the_application,I need to test the application,Muszę przetestować aplikację,A2,Praca,praktyczne zdania,zdanie,zawodowe,3,6,1,1,0,,wstępnie kompletne; wymaga końcowej kontroli językowej,brak oczywistych problemów technicznych,przypisać do lekcji | zostawić
praca_a2_0301_i_need_to_test_the_file,I need to test the imported file,Muszę przetestować zaimportowany plik,A2,Praca,praktyczne zdania,zdanie,zawodowe,4,7,1,1,0,,wstępnie kompletne; wymaga końcowej kontroli językowej,brak oczywistych problemów technicznych,przypisać do lekcji | zostawić
praca_a2_0302_i_need_to_restart_the_router,I need to restart the router,Muszę zrestartować router,A2,Praca,praktyczne zdania,zdanie,zawodowe,3,6,1,1,0,,wstępnie kompletne; wymaga końcowej kontroli językowej,brak oczywistych problemów technicznych,przypisać do lekcji | zostawić
praca_a2_0303_i_need_to_restart_the_camera,I need to restart the camera,Muszę zrestartować kamerę,A2,Praca,praktyczne zdania,zdanie,zawodowe,3,6,1,1,0,,wstępnie kompletne; wymaga końcowej kontroli językowej,brak oczywistych problemów technicznych,przypisać do lekcji | zostawić
praca_a2_0304_i_need_to_restart_the_cable,I need to reconnect the cable,Muszę ponownie podłączyć przewód,A2,Praca,praktyczne zdania,zdanie,zawodowe,3,6,1,1,0,,wstępnie kompletne; wymaga końcowej kontroli językowej,brak oczywistych problemów technicznych,przypisać do lekcji | zostawić
praca_a2_0305_i_need_to_restart_the_settings,I need to reset the settings,Muszę zresetować ustawienia,A2,Praca,praktyczne zdania,zdanie,zawodowe,3,6,1,1,0,,wstępnie kompletne; wymaga końcowej kontroli językowej,brak oczywistych problemów technicznych,przypisać do lekcji | zostawić
praca_a2_0306_i_need_to_restart_the_application,I need to restart the application,Muszę zrestartować aplikację,A2,Praca,praktyczne zdania,zdanie,zawodowe,3,6,1,1,0,,wstępnie kompletne; wymaga końcowej kontroli językowej,brak oczywistych problemów technicznych,przypisać do lekcji | zostawić
praca_a2_0307_i_need_to_restart_the_file,I need to reopen the file,Muszę ponownie otworzyć plik,A2,Praca,praktyczne zdania,zdanie,zawodowe,3,6,1,1,0,,wstępnie kompletne; wymaga końcowej kontroli językowej,brak oczywistych problemów technicznych,przypisać do lekcji | zostawić
praca_b1_0308_i_need_to_update_the_router,I need to update the router firmware,Muszę zaktualizować oprogramowanie routera,A2,Praca,praktyczne zdania,zdanie,zawodowe,4,7,1,1,0,,wstępnie kompletne; wymaga końcowej kontroli językowej,brak oczywistych problemów technicznych,przypisać do lekcji | zostawić
praca_b1_0309_i_need_to_update_the_camera,I need to update the camera firmware,Muszę zaktualizować oprogramowanie kamery,A2,Praca,praktyczne zdania,zdanie,zawodowe,4,7,1,1,0,,wstępnie kompletne; wymaga końcowej kontroli językowej,brak oczywistych problemów technicznych,przypisać do lekcji | zostawić
praca_b1_0310_i_need_to_update_the_cable,I need to update the cable documentation,Muszę zaktualizować dokumentację okablowania,A2,Praca,praktyczne zdania,zdanie,zawodowe,4,7,1,1,0,,wstępnie kompletne; wymaga końcowej kontroli językowej,brak oczywistych problemów technicznych,przypisać do lekcji | zostawić
praca_b1_0311_i_need_to_update_the_settings,I need to update the settings,Muszę zaktualizować ustawienia,A2,Praca,praktyczne zdania,zdanie,zawodowe,3,6,1,1,0,,wstępnie kompletne; wymaga końcowej kontroli językowej,brak oczywistych problemów technicznych,przypisać do lekcji | zostawić
praca_b1_0312_i_need_to_update_the_application,I need to update the application,Muszę zaktualizować aplikację,A2,Praca,praktyczne zdania,zdanie,zawodowe,3,6,1,1,0,,wstępnie kompletne; wymaga końcowej kontroli językowej,brak oczywistych problemów technicznych,przypisać do lekcji | zostawić
praca_b1_0313_i_need_to_update_the_file,I need to update the file,Muszę zaktualizować plik,A2,Praca,praktyczne zdania,zdanie,zawodowe,3,6,1,1,0,,wstępnie kompletne; wymaga końcowej kontroli językowej,brak oczywistych problemów technicznych,przypisać do lekcji | zostawić
praca_b1_0314_i_need_to_save_the_router,I need to save the router configuration,Muszę zapisać konfigurację routera,A2,Praca,praktyczne zdania,zdanie,zawodowe,4,7,1,1,0,,wstępnie kompletne; wymaga końcowej kontroli językowej,brak oczywistych problemów technicznych,przypisać do lekcji | zostawić
praca_b1_0315_i_need_to_save_the_camera,I need to save the camera recording,Muszę zapisać nagranie z kamery,A2,Praca,praktyczne zdania,zdanie,zawodowe,4,7,1,1,0,,wstępnie kompletne; wymaga końcowej kontroli językowej,brak oczywistych problemów technicznych,przypisać do lekcji | zostawić
praca_b1_0316_i_need_to_save_the_cable,I need to save the cable route in the plan,Muszę zapisać przebieg przewodu w planie,B1,Praca,praktyczne zdania,zdanie,zawodowe,5,10,1,1,0,,wstępnie kompletne; wymaga końcowej kontroli językowej,brak oczywistych problemów technicznych,przypisać do lekcji | zostawić
praca_b1_0317_i_need_to_save_the_settings,I need to save the settings,Muszę zapisać ustawienia,A2,Praca,praktyczne zdania,zdanie,zawodowe,3,6,1,1,0,,wstępnie kompletne; wymaga końcowej kontroli językowej,brak oczywistych problemów technicznych,przypisać do lekcji | zostawić
praca_b1_0318_i_need_to_save_the_application,I need to save the changes in the application,Muszę zapisać zmiany w aplikacji,B1,Praca,praktyczne zdania,zdanie,zawodowe,5,9,1,1,0,,wstępnie kompletne; wymaga końcowej kontroli językowej,brak oczywistych problemów technicznych,przypisać do lekcji | zostawić
praca_b1_0319_i_need_to_save_the_file,I need to save the file,Muszę zapisać plik,A2,Praca,praktyczne zdania,zdanie,zawodowe,3,6,1,1,0,,wstępnie kompletne; wymaga końcowej kontroli językowej,brak oczywistych problemów technicznych,przypisać do lekcji | zostawić
praca_b1_0320_i_need_to_delete_the_router,I need to remove the router from the account,Muszę usunąć router z konta,B1,Praca,praktyczne zdania,zdanie,zawodowe,5,9,1,1,0,,wstępnie kompletne; wymaga końcowej kontroli językowej,brak oczywistych problemów technicznych,przypisać do lekcji | zostawić
praca_b1_0321_i_need_to_delete_the_camera,I need to delete the camera recording,Muszę usunąć nagranie z kamery,A2,Praca,praktyczne zdania,zdanie,zawodowe,4,7,1,1,0,,wstępnie kompletne; wymaga końcowej kontroli językowej,brak oczywistych problemów technicznych,przypisać do lekcji | zostawić
praca_b1_0322_i_need_to_delete_the_cable,I need to remove the cable entry from the plan,Muszę usunąć wpis przewodu z planu,B1,Praca,praktyczne zdania,zdanie,zawodowe,5,10,1,1,0,,wstępnie kompletne; wymaga końcowej kontroli językowej,brak oczywistych problemów technicznych,przypisać do lekcji | zostawić
praca_b1_0323_i_need_to_delete_the_settings,I need to delete the saved settings profile,Muszę usunąć zapisany profil ustawień,A2,Praca,praktyczne zdania,zdanie,zawodowe,4,8,1,1,0,,wstępnie kompletne; wymaga końcowej kontroli językowej,brak oczywistych problemów technicznych,przypisać do lekcji | zostawić
praca_b1_0324_i_need_to_delete_the_application,I need to uninstall the application,Muszę odinstalować aplikację,A2,Praca,praktyczne zdania,zdanie,zawodowe,3,6,1,1,0,,wstępnie kompletne; wymaga końcowej kontroli językowej,brak oczywistych problemów technicznych,przypisać do lekcji | zostawić
praca_b1_0325_i_need_to_delete_the_file,I need to delete the file,Muszę usunąć plik,A2,Praca,praktyczne zdania,zdanie,zawodowe,3,6,1,1,0,,wstępnie kompletne; wymaga końcowej kontroli językowej,brak oczywistych problemów technicznych,przypisać do lekcji | zostawić
praca_b1_0326_i_need_to_copy_the_router,I need to copy the router configuration,Muszę skopiować konfigurację routera,A2,Praca,praktyczne zdania,zdanie,zawodowe,4,7,1,1,0,,wstępnie kompletne; wymaga końcowej kontroli językowej,brak oczywistych problemów technicznych,przypisać do lekcji | zostawić
praca_b1_0327_i_need_to_copy_the_camera,I need to export the camera configuration,Muszę wyeksportować konfigurację kamery,A2,Praca,praktyczne zdania,zdanie,zawodowe,4,7,1,1,0,,wstępnie kompletne; wymaga końcowej kontroli językowej,brak oczywistych problemów technicznych,przypisać do lekcji | zostawić
praca_b1_0328_i_need_to_copy_the_cable,I need to copy the cable plan,Muszę skopiować plan okablowania,A2,Praca,praktyczne zdania,zdanie,zawodowe,4,7,1,1,0,,wstępnie kompletne; wymaga końcowej kontroli językowej,brak oczywistych problemów technicznych,przypisać do lekcji | zostawić
praca_b1_0329_i_need_to_copy_the_settings,I need to copy the settings,Muszę skopiować ustawienia,A2,Praca,praktyczne zdania,zdanie,zawodowe,3,6,1,1,0,,wstępnie kompletne; wymaga końcowej kontroli językowej,brak oczywistych problemów technicznych,przypisać do lekcji | zostawić
praca_b1_0330_i_need_to_copy_the_application,I need to copy the application installer,Muszę skopiować instalator aplikacji,A2,Praca,praktyczne zdania,zdanie,zawodowe,4,7,1,1,0,,wstępnie kompletne; wymaga końcowej kontroli językowej,brak oczywistych problemów technicznych,przypisać do lekcji | zostawić
praca_b1_0331_i_need_to_copy_the_file,I need to copy the file,Muszę skopiować plik,A2,Praca,praktyczne zdania,zdanie,zawodowe,3,6,1,1,0,,wstępnie kompletne; wymaga końcowej kontroli językowej,brak oczywistych problemów technicznych,przypisać do lekcji | zostawić
praca_b1_0332_i_need_to_open_the_router,I need to open the router control panel,Muszę otworzyć panel sterowania routera,A2,Praca,praktyczne zdania,zdanie,zawodowe,4,8,1,1,0,,wstępnie kompletne; wymaga końcowej kontroli językowej,brak oczywistych problemów technicznych,przypisać do lekcji | zostawić
praca_b1_0333_i_need_to_open_the_camera,I need to open the camera housing,Muszę otworzyć obudowę kamery,A2,Praca,praktyczne zdania,zdanie,zawodowe,4,7,1,1,0,,wstępnie kompletne; wymaga końcowej kontroli językowej,brak oczywistych problemów technicznych,przypisać do lekcji | zostawić
praca_b1_0334_i_need_to_open_the_cable,I need to open the cable duct,Muszę otworzyć kanał kablowy,A2,Praca,praktyczne zdania,zdanie,zawodowe,4,7,1,1,0,,wstępnie kompletne; wymaga końcowej kontroli językowej,brak oczywistych problemów technicznych,przypisać do lekcji | zostawić
praca_b1_0335_i_need_to_open_the_settings,I need to open the settings,Muszę otworzyć ustawienia,A2,Praca,praktyczne zdania,zdanie,zawodowe,3,6,1,1,0,,wstępnie kompletne; wymaga końcowej kontroli językowej,brak oczywistych problemów technicznych,przypisać do lekcji | zostawić
praca_b1_0336_i_need_to_open_the_application,I need to open the application,Muszę otworzyć aplikację,A2,Praca,praktyczne zdania,zdanie,zawodowe,3,6,1,1,0,,wstępnie kompletne; wymaga końcowej kontroli językowej,brak oczywistych problemów technicznych,przypisać do lekcji | zostawić
praca_b1_0337_i_need_to_open_the_file,I need to open the file,Muszę otworzyć plik,A2,Praca,praktyczne zdania,zdanie,zawodowe,3,6,1,1,0,,wstępnie kompletne; wymaga końcowej kontroli językowej,brak oczywistych problemów technicznych,przypisać do lekcji | zostawić
praca_b1_0338_i_need_to_close_the_router,I need to close the router control panel,Muszę zamknąć panel sterowania routera,A2,Praca,praktyczne zdania,zdanie,zawodowe,4,8,1,1,0,,wstępnie kompletne; wymaga końcowej kontroli językowej,brak oczywistych problemów technicznych,przypisać do lekcji | zostawić
praca_b1_0339_i_need_to_close_the_camera,I need to close the camera housing,Muszę zamknąć obudowę kamery,A2,Praca,praktyczne zdania,zdanie,zawodowe,4,7,1,1,0,,wstępnie kompletne; wymaga końcowej kontroli językowej,brak oczywistych problemów technicznych,przypisać do lekcji | zostawić
praca_b1_0340_i_need_to_close_the_cable,I need to close the cable duct,Muszę zamknąć kanał kablowy,A2,Praca,praktyczne zdania,zdanie,zawodowe,4,7,1,1,0,,wstępnie kompletne; wymaga końcowej kontroli językowej,brak oczywistych problemów technicznych,przypisać do lekcji | zostawić
praca_b1_0341_i_need_to_close_the_settings,I need to close the settings,Muszę zamknąć ustawienia,A2,Praca,praktyczne zdania,zdanie,zawodowe,3,6,1,1,0,,wstępnie kompletne; wymaga końcowej kontroli językowej,brak oczywistych problemów technicznych,przypisać do lekcji | zostawić
praca_b1_0342_i_need_to_close_the_application,I need to close the application,Muszę zamknąć aplikację,A2,Praca,praktyczne zdania,zdanie,zawodowe,3,6,1,1,0,,wstępnie kompletne; wymaga końcowej kontroli językowej,brak oczywistych problemów technicznych,przypisać do lekcji | zostawić
praca_b1_0343_i_need_to_close_the_file,I need to close the file,Muszę zamknąć plik,A2,Praca,praktyczne zdania,zdanie,zawodowe,3,6,1,1,0,,wstępnie kompletne; wymaga końcowej kontroli językowej,brak oczywistych problemów technicznych,przypisać do lekcji | zostawić
praca_b1_0344_i_need_to_choose_the_router,I need to choose the router,Muszę wybrać router,A2,Praca,praktyczne zdania,zdanie,zawodowe,3,6,1,1,0,,wstępnie kompletne; wymaga końcowej kontroli językowej,brak oczywistych problemów technicznych,przypisać do lekcji | zostawić
praca_b1_0345_i_need_to_choose_the_camera,I need to choose the camera,Muszę wybrać kamerę,A2,Praca,praktyczne zdania,zdanie,zawodowe,3,6,1,1,0,,wstępnie kompletne; wymaga końcowej kontroli językowej,brak oczywistych problemów technicznych,przypisać do lekcji | zostawić
praca_b1_0346_i_need_to_choose_the_cable,I need to choose the cable,Muszę wybrać przewód,A2,Praca,praktyczne zdania,zdanie,zawodowe,3,6,1,1,0,,wstępnie kompletne; wymaga końcowej kontroli językowej,brak oczywistych problemów technicznych,przypisać do lekcji | zostawić
praca_b1_0347_i_need_to_choose_the_settings,I need to choose the correct settings,Muszę wybrać właściwe ustawienia,A2,Praca,praktyczne zdania,zdanie,zawodowe,4,7,1,1,0,,wstępnie kompletne; wymaga końcowej kontroli językowej,brak oczywistych problemów technicznych,przypisać do lekcji | zostawić
praca_b1_0348_i_need_to_choose_the_application,I need to choose the application,Muszę wybrać aplikację,A2,Praca,praktyczne zdania,zdanie,zawodowe,3,6,1,1,0,,wstępnie kompletne; wymaga końcowej kontroli językowej,brak oczywistych problemów technicznych,przypisać do lekcji | zostawić
praca_b1_0349_i_need_to_choose_the_file,I need to choose the correct file,Muszę wybrać właściwy plik,A2,Praca,praktyczne zdania,zdanie,zawodowe,4,7,1,1,0,,wstępnie kompletne; wymaga końcowej kontroli językowej,brak oczywistych problemów technicznych,przypisać do lekcji | zostawić
praca_b1_0350_i_need_to_change_the_router,I need to change the router,Muszę zmienić router,A2,Praca,praktyczne zdania,zdanie,zawodowe,3,6,1,1,0,,wstępnie kompletne; wymaga końcowej kontroli językowej,brak oczywistych problemów technicznych,przypisać do lekcji | zostawić
praca_b1_0351_i_need_to_change_the_camera,I need to change the camera,Muszę zmienić kamerę,A2,Praca,praktyczne zdania,zdanie,zawodowe,3,6,1,1,0,,wstępnie kompletne; wymaga końcowej kontroli językowej,brak oczywistych problemów technicznych,przypisać do lekcji | zostawić
praca_b1_0352_i_need_to_change_the_cable,I need to change the cable,Muszę zmienić przewód,A2,Praca,praktyczne zdania,zdanie,zawodowe,3,6,1,1,0,,wstępnie kompletne; wymaga końcowej kontroli językowej,brak oczywistych problemów technicznych,przypisać do lekcji | zostawić
praca_b1_0353_i_need_to_change_the_settings,I need to change the settings,Muszę zmienić ustawienia,A2,Praca,praktyczne zdania,zdanie,zawodowe,3,6,1,1,0,,wstępnie kompletne; wymaga końcowej kontroli językowej,brak oczywistych problemów technicznych,przypisać do lekcji | zostawić
praca_b1_0354_i_need_to_change_the_application,I need to change the application,Muszę zmienić aplikację,A2,Praca,praktyczne zdania,zdanie,zawodowe,3,6,1,1,0,,wstępnie kompletne; wymaga końcowej kontroli językowej,brak oczywistych problemów technicznych,przypisać do lekcji | zostawić
praca_b1_0355_i_need_to_change_the_file,I need to change the file,Muszę zmienić plik,A2,Praca,praktyczne zdania,zdanie,zawodowe,3,6,1,1,0,,wstępnie kompletne; wymaga końcowej kontroli językowej,brak oczywistych problemów technicznych,przypisać do lekcji | zostawić
praca_b1_0356_i_need_to_send_the_router,The router must be returned for warranty inspection,Router trzeba odesłać do kontroli gwarancyjnej,B1,Praca,praktyczne zdania,zdanie,zawodowe,5,8,1,0,0,,wstępnie kompletne; wymaga końcowej kontroli językowej,zdanie bez wariantów odpowiedzi,przypisać do lekcji | poprawić lub ręcznie zweryfikować
praca_b1_0357_i_need_to_send_the_camera,I need to send the camera to the service centre,Muszę wysłać kamerę do serwisu,B1,Praca,praktyczne zdania,zdanie,zawodowe,5,10,1,1,0,,wstępnie kompletne; wymaga końcowej kontroli językowej,brak oczywistych problemów technicznych,przypisać do lekcji | zostawić
praca_b1_0358_i_need_to_send_the_cable,I need to send a sample of the cable,Muszę wysłać próbkę przewodu,B1,Praca,praktyczne zdania,zdanie,zawodowe,5,9,1,1,0,,wstępnie kompletne; wymaga końcowej kontroli językowej,brak oczywistych problemów technicznych,przypisać do lekcji | zostawić
praca_b1_0359_i_need_to_send_the_settings,I need to send a screenshot of the settings,Muszę wysłać zrzut ekranu ustawień,B1,Praca,praktyczne zdania,zdanie,zawodowe,5,9,1,1,0,,wstępnie kompletne; wymaga końcowej kontroli językowej,brak oczywistych problemów technicznych,przypisać do lekcji | zostawić
praca_b1_0360_i_need_to_send_the_application,I need to send the application link,Muszę wysłać link do aplikacji,A2,Praca,praktyczne zdania,zdanie,zawodowe,4,7,1,1,0,,wstępnie kompletne; wymaga końcowej kontroli językowej,brak oczywistych problemów technicznych,przypisać do lekcji | zostawić
praca_b1_0361_i_need_to_send_the_file,I need to send the file,Muszę wysłać plik,A2,Praca,praktyczne zdania,zdanie,zawodowe,3,6,1,1,0,,wstępnie kompletne; wymaga końcowej kontroli językowej,brak oczywistych problemów technicznych,przypisać do lekcji | zostawić
praca_b1_0362_i_need_to_receive_the_router,I need to receive the router delivery,Muszę odebrać dostawę routera,A2,Praca,praktyczne zdania,zdanie,zawodowe,4,7,1,1,0,,wstępnie kompletne; wymaga końcowej kontroli językowej,brak oczywistych problemów technicznych,przypisać do lekcji | zostawić
praca_b1_0363_i_need_to_receive_the_camera,I need to receive the camera delivery,Muszę odebrać dostawę kamery,A2,Praca,praktyczne zdania,zdanie,zawodowe,4,7,1,1,0,,wstępnie kompletne; wymaga końcowej kontroli językowej,brak oczywistych problemów technicznych,przypisać do lekcji | zostawić
praca_b1_0364_i_need_to_receive_the_cable,I need to receive the cable delivery,Muszę odebrać dostawę przewodu,A2,Praca,praktyczne zdania,zdanie,zawodowe,4,7,1,1,0,,wstępnie kompletne; wymaga końcowej kontroli językowej,brak oczywistych problemów technicznych,przypisać do lekcji | zostawić
praca_b1_0365_i_need_to_receive_the_settings,I need to receive the settings from the server,Muszę pobrać ustawienia z serwera,B1,Praca,praktyczne zdania,zdanie,zawodowe,5,9,1,1,0,,wstępnie kompletne; wymaga końcowej kontroli językowej,brak oczywistych problemów technicznych,przypisać do lekcji | zostawić
praca_b1_0366_i_need_to_receive_the_application,I need to receive the application invitation,Muszę odebrać zaproszenie do aplikacji,B1,Praca,praktyczne zdania,zdanie,zawodowe,5,7,1,1,0,,wstępnie kompletne; wymaga końcowej kontroli językowej,brak oczywistych problemów technicznych,przypisać do lekcji | zostawić
praca_b1_0367_i_need_to_receive_the_file,I need to receive the file,Muszę odebrać plik,A2,Praca,praktyczne zdania,zdanie,zawodowe,3,6,1,1,0,,wstępnie kompletne; wymaga końcowej kontroli językowej,brak oczywistych problemów technicznych,przypisać do lekcji | zostawić
extra_a2_001_client,client,klient,A2,Praktyczne,klient,rzeczownik,ogólne,2,1,1,0,2,,wstępnie kompletne; wymaga końcowej kontroli językowej,brak rejestru językowego,przypisać do lekcji | poprawić lub ręcznie zweryfikować
extra_b1_002_appointment,appointment,termin,B1,Praktyczne,termin,rzeczownik,ogólne,3,1,1,0,3,f; o; r;  ; /;  ; w; i; t; h,wstępnie kompletne; wymaga końcowej kontroli językowej,powtórzony angielski zapis – sprawdzić znaczenia | brak rejestru językowego,przypisać do lekcji | poprawić lub ręcznie zweryfikować
extra_a2_005_cable,cable,kabel,A2,Praktyczne,kabel,rzeczownik,ogólne,2,1,1,0,3,t; o;  ; /;  ; b; e; t; w; e; e; n,wstępnie kompletne; wymaga końcowej kontroli językowej,powtórzony angielski zapis – sprawdzić znaczenia | brak rejestru językowego,przypisać do lekcji | poprawić lub ręcznie zweryfikować
extra_a2_009_schedule,schedule,grafik,A2,Praktyczne,grafik,rzeczownik,ogólne,2,1,1,0,2,f; o; r,wstępnie kompletne; wymaga końcowej kontroli językowej,powtórzony angielski zapis – sprawdzić znaczenia | brak rejestru językowego,przypisać do lekcji | poprawić lub ręcznie zweryfikować
extra_b2_011_signal,signal,sygnał,A1,Praktyczne,sygnał,rzeczownik,ogólne,1,1,1,0,2,f; r; o; m;  ; /;  ; t; o,wstępnie kompletne; wymaga końcowej kontroli językowej,brak rejestru językowego,przypisać do lekcji | poprawić lub ręcznie zweryfikować
extra_a1_012_installation,installation,montaż,A1,Praktyczne,montaż,rzeczownik,ogólne,1,1,1,0,3,o; f;  ; /;  ; a; t,wstępnie kompletne; wymaga końcowej kontroli językowej,powtórzony angielski zapis – sprawdzić znaczenia | brak rejestru językowego,przypisać do lekcji | poprawić lub ręcznie zweryfikować
extra_a2_013_service,service,serwis,A2,Praktyczne,serwis,rzeczownik,ogólne,2,1,1,0,3,f; o; r;  ; /;  ; t; o,wstępnie kompletne; wymaga końcowej kontroli językowej,powtórzony angielski zapis – sprawdzić znaczenia | brak rejestru językowego,przypisać do lekcji | poprawić lub ręcznie zweryfikować
extra_b1_014_payment,payment,płatność,B1,Praktyczne,płatność,rzeczownik,ogólne,3,1,1,0,2,f; o; r,wstępnie kompletne; wymaga końcowej kontroli językowej,brak rejestru językowego,przypisać do lekcji | poprawić lub ręcznie zweryfikować
extra_b2_015_access,access,dostęp,A2,Praktyczne,dostęp,rzeczownik,ogólne,2,1,1,0,2,t; o,wstępnie kompletne; wymaga końcowej kontroli językowej,brak rejestru językowego,przypisać do lekcji | poprawić lub ręcznie zweryfikować
extra_b1_018_diagnosis,diagnosis,diagnoza,B1,Praktyczne,diagnoza,rzeczownik,ogólne,3,1,1,0,2,,wstępnie kompletne; wymaga końcowej kontroli językowej,brak rejestru językowego,przypisać do lekcji | poprawić lub ręcznie zweryfikować
extra_b2_019_warranty,warranty,gwarancja,A2,Praktyczne,gwarancja,rzeczownik,ogólne,2,1,1,0,2,u; n; d; e; r;  ; /;  ; o; n,wstępnie kompletne; wymaga końcowej kontroli językowej,brak rejestru językowego,przypisać do lekcji | poprawić lub ręcznie zweryfikować
scene_b1_001,Can we move the appointment to Friday?,Czy możemy przenieść termin na piątek?,B1,Dialogi,scenki,zdanie,zawodowe,5,7,1,1,0,,wstępnie kompletne; wymaga końcowej kontroli językowej,brak oczywistych problemów technicznych,przypisać do lekcji | zostawić
scene_b2_002,I am calling about the camera installation.,Dzwonię w sprawie montażu kamery.,B1,Dialogi,scenki,zdanie,zawodowe,5,7,1,1,0,,wstępnie kompletne; wymaga końcowej kontroli językowej,brak oczywistych problemów technicznych,przypisać do lekcji | zostawić
scene_a1_003,"The internet works, but the speed is low.","Internet działa, ale prędkość jest niska.",A1,Dialogi,scenki,zdanie,zawodowe,3,8,1,0,0,,wstępnie kompletne; wymaga końcowej kontroli językowej,prawdopodobnie zbyt złożone dla rdzenia A1 | zdanie bez wariantów odpowiedzi,przypisać do lekcji | sprawdzić/przenieść poziom
scene_a2_004,Where should I mount the camera?,Gdzie mam zamontować kamerę?,A2,Dialogi,scenki,zdanie,zawodowe,3,6,1,0,0,,wstępnie kompletne; wymaga końcowej kontroli językowej,zdanie bez wariantów odpowiedzi,przypisać do lekcji | poprawić lub ręcznie zweryfikować
scene_b1_005,Do you want the cable hidden or visible?,Czy kabel ma być ukryty czy widoczny?,B1,Dialogi,scenki,zdanie,zawodowe,5,8,1,0,0,,wstępnie kompletne; wymaga końcowej kontroli językowej,zdanie bez wariantów odpowiedzi,przypisać do lekcji | poprawić lub ręcznie zweryfikować
scene_b2_006,I need about thirty minutes to finish.,"Potrzebuję około trzydziestu minut, żeby skończyć.",B1,Dialogi,scenki,zdanie,zawodowe,5,7,1,0,0,,wstępnie kompletne; wymaga końcowej kontroli językowej,zdanie bez wariantów odpowiedzi,przypisać do lekcji | poprawić lub ręcznie zweryfikować
scene_a1_007,The device must be connected to power.,Urządzenie musi być podłączone do zasilania.,A1,Dialogi,scenki,zdanie,zawodowe,4,7,1,0,0,,wstępnie kompletne; wymaga końcowej kontroli językowej,prawdopodobnie zbyt złożone dla rdzenia A1 | zdanie bez wariantów odpowiedzi,przypisać do lekcji | sprawdzić/przenieść poziom
scene_a2_008,Please check if the application is installed.,"Proszę sprawdzić, czy aplikacja jest zainstalowana.",A2,Dialogi,scenki,zdanie,zawodowe,4,7,1,0,0,,wstępnie kompletne; wymaga końcowej kontroli językowej,zdanie bez wariantów odpowiedzi,przypisać do lekcji | poprawić lub ręcznie zweryfikować
scene_b1_009,I will show you how to use it.,"Pokażę, jak tego używać.",B1,Dialogi,scenki,zdanie,zawodowe,5,8,1,1,0,,wstępnie kompletne; wymaga końcowej kontroli językowej,brak oczywistych problemów technicznych,przypisać do lekcji | zostawić
scene_b2_010,The camera records when it detects movement.,"Kamera nagrywa, gdy wykryje ruch.",B1,Dialogi,scenki,zdanie,zawodowe,5,7,1,0,0,,wstępnie kompletne; wymaga końcowej kontroli językowej,zdanie bez wariantów odpowiedzi,przypisać do lekcji | poprawić lub ręcznie zweryfikować
scene_a1_011,The signal is better near the window.,Sygnał jest lepszy przy oknie.,A1,Dialogi,scenki,zdanie,zawodowe,3,7,1,1,0,,wstępnie kompletne; wymaga końcowej kontroli językowej,prawdopodobnie zbyt złożone dla rdzenia A1,przypisać do lekcji | sprawdzić/przenieść poziom
scene_a2_012,I can prepare a written quote.,Mogę przygotować pisemną wycenę.,A2,Dialogi,scenki,zdanie,zawodowe,3,6,1,1,0,,wstępnie kompletne; wymaga końcowej kontroli językowej,brak oczywistych problemów technicznych,przypisać do lekcji | zostawić
scene_b1_013,This solution will be more reliable.,To rozwiązanie będzie bardziej niezawodne.,B1,Dialogi,scenki,zdanie,zawodowe,5,6,1,0,0,,wstępnie kompletne; wymaga końcowej kontroli językowej,zdanie bez wariantów odpowiedzi,przypisać do lekcji | poprawić lub ręcznie zweryfikować
scene_b2_014,The old cable should be replaced.,Stary kabel powinien zostać wymieniony.,B1,Dialogi,scenki,zdanie,zawodowe,5,6,1,0,0,,wstępnie kompletne; wymaga końcowej kontroli językowej,zdanie bez wariantów odpowiedzi,przypisać do lekcji | poprawić lub ręcznie zweryfikować
scene_a1_015,The installation is complete.,Montaż jest zakończony.,A1,Dialogi,scenki,zdanie,zawodowe,2,4,1,1,0,,wstępnie kompletne; wymaga końcowej kontroli językowej,powtórzony angielski zapis – sprawdzić znaczenia,przypisać do lekcji | poprawić lub ręcznie zweryfikować
scene_a2_016,Please test the application now.,Proszę teraz przetestować aplikację.,A2,Dialogi,scenki,zdanie,zawodowe,3,5,1,0,0,,wstępnie kompletne; wymaga końcowej kontroli językowej,zdanie bez wariantów odpowiedzi,przypisać do lekcji | poprawić lub ręcznie zweryfikować
scene_b1_017,I will save the settings.,Zapiszę ustawienia.,B1,Dialogi,scenki,zdanie,zawodowe,4,5,1,1,0,,wstępnie kompletne; wymaga końcowej kontroli językowej,brak oczywistych problemów technicznych,przypisać do lekcji | zostawić
scene_b2_018,The password is incorrect.,Hasło jest nieprawidłowe.,B1,Dialogi,scenki,zdanie,zawodowe,4,4,1,1,0,,wstępnie kompletne; wymaga końcowej kontroli językowej,brak oczywistych problemów technicznych,przypisać do lekcji | zostawić
scene_a1_019,The router is too far from the camera.,Router jest za daleko od kamery.,A1,Dialogi,scenki,zdanie,zawodowe,3,8,1,1,0,,wstępnie kompletne; wymaga końcowej kontroli językowej,prawdopodobnie zbyt złożone dla rdzenia A1,przypisać do lekcji | sprawdzić/przenieść poziom
scene_a2_020,I recommend a stronger access point.,Polecam mocniejszy punkt dostępowy.,A2,Dialogi,scenki,zdanie,zawodowe,3,6,1,0,0,,wstępnie kompletne; wymaga końcowej kontroli językowej,zdanie bez wariantów odpowiedzi,przypisać do lekcji | poprawić lub ręcznie zweryfikować
b2_prof_001,"Although the connection is stable, the latency is still too high.","Chociaż połączenie jest stabilne, opóźnienie nadal jest zbyt duże.",B2,Praca,kontrast i diagnoza,zdanie,zawodowe,5,11,1,0,0,,wstępnie kompletne; wymaga końcowej kontroli językowej,zdanie bez wariantów odpowiedzi,przypisać do lekcji | poprawić lub ręcznie zweryfikować
b2_prof_002,"If the issue persists, I will escalate it to the network administrator.","Jeśli problem będzie się utrzymywał, przekażę go administratorowi sieci.",B2,Praca,eskalacja problemu,zdanie,zawodowe,5,12,1,0,0,,wstępnie kompletne; wymaga końcowej kontroli językowej,zdanie bez wariantów odpowiedzi,przypisać do lekcji | poprawić lub ręcznie zweryfikować
b2_prof_003,The quote is valid provided that the scope of work remains unchanged.,"Wycena jest ważna pod warunkiem, że zakres prac pozostanie bez zmian.",B2,Techniczne,warunek formalny,zdanie,techniczne,5,12,1,1,0,,wstępnie kompletne; wymaga końcowej kontroli językowej,brak oczywistych problemów technicznych,przypisać do lekcji | zostawić
b2_prof_004,I would recommend replacing the cable rather than attempting another temporary repair.,Zalecałbym wymianę przewodu zamiast podejmowania kolejnej tymczasowej naprawy.,B2,Praca,rekomendacja,zdanie,zawodowe,5,12,1,0,0,,wstępnie kompletne; wymaga końcowej kontroli językowej,zdanie bez wariantów odpowiedzi,przypisać do lekcji | poprawić lub ręcznie zweryfikować
b2_prof_005,Could you clarify whether the installation must be completed outside business hours?,"Czy może Pan wyjaśnić, czy instalacja musi zostać wykonana poza godzinami pracy?",B2,Praca,doprecyzowanie,zdanie,zawodowe,5,12,1,0,0,,wstępnie kompletne; wymaga końcowej kontroli językowej,zdanie bez wariantów odpowiedzi,przypisać do lekcji | poprawić lub ręcznie zweryfikować
b2_prof_006,The system should have been backed up before the update was installed.,Należało wykonać kopię zapasową systemu przed zainstalowaniem aktualizacji.,B2,Techniczne,krytyka wcześniejszej czynności,zdanie,techniczne,5,12,1,0,0,,wstępnie kompletne; wymaga końcowej kontroli językowej,zdanie bez wariantów odpowiedzi,przypisać do lekcji | poprawić lub ręcznie zweryfikować
b2_prof_007,We may need to postpone the appointment unless the required parts arrive today.,"Być może będziemy musieli przełożyć termin, chyba że wymagane części dotrą dzisiaj.",B2,Praca,warunek negatywny,zdanie,zawodowe,5,13,1,0,0,,wstępnie kompletne; wymaga końcowej kontroli językowej,zdanie bez wariantów odpowiedzi,przypisać do lekcji | poprawić lub ręcznie zweryfikować
b2_prof_008,"Having inspected the site, I can confirm that an additional access point is necessary.","Po sprawdzeniu obiektu mogę potwierdzić, że potrzebny jest dodatkowy punkt dostępowy.",B2,Praca,imiesłów i wniosek,zdanie,zawodowe,5,14,1,0,0,,wstępnie kompletne; wymaga końcowej kontroli językowej,zdanie bez wariantów odpowiedzi,przypisać do lekcji | poprawić lub ręcznie zweryfikować
b2_prof_009,The customer requested that all cameras be configured with motion detection.,"Klient poprosił, aby wszystkie kamery skonfigurowano z wykrywaniem ruchu.",B2,Techniczne,mowa zależna formalna,zdanie,techniczne,5,11,1,0,0,,wstępnie kompletne; wymaga końcowej kontroli językowej,zdanie bez wariantów odpowiedzi,przypisać do lekcji | poprawić lub ręcznie zweryfikować
b2_prof_010,I was under the impression that remote access had already been enabled.,"Byłem przekonany, że dostęp zdalny został już włączony.",B2,Praca,korekta założenia,zdanie,zawodowe,5,12,1,0,0,,wstępnie kompletne; wymaga końcowej kontroli językowej,zdanie bez wariantów odpowiedzi,przypisać do lekcji | poprawić lub ręcznie zweryfikować
b2_prof_011,There appears to be a discrepancy between the invoice and the approved quote.,"Wygląda na to, że istnieje rozbieżność między fakturą a zatwierdzoną wyceną.",B2,Praca,formalna obserwacja,zdanie,zawodowe,5,13,1,0,0,,wstępnie kompletne; wymaga końcowej kontroli językowej,zdanie bez wariantów odpowiedzi,przypisać do lekcji | poprawić lub ręcznie zweryfikować
b2_prof_012,"The device is compatible with the network, whereas the older model is not.","Urządzenie jest zgodne z siecią, podczas gdy starszy model nie jest.",B2,Techniczne,porównanie formalne,zdanie,techniczne,5,13,1,1,0,,wstępnie kompletne; wymaga końcowej kontroli językowej,brak oczywistych problemów technicznych,przypisać do lekcji | zostawić
b2_prof_013,"Even if we replace the router, coverage may remain poor in the basement.","Nawet jeśli wymienimy router, zasięg w piwnicy może nadal być słaby.",B2,Praca,ustępstwo,zdanie,zawodowe,5,13,1,0,0,,wstępnie kompletne; wymaga końcowej kontroli językowej,zdanie bez wariantów odpowiedzi,przypisać do lekcji | poprawić lub ręcznie zweryfikować
b2_prof_014,The fault is unlikely to have been caused by the latest firmware update.,"Jest mało prawdopodobne, aby usterkę spowodowała najnowsza aktualizacja oprogramowania.",B2,Praca,wnioskowanie o przeszłości,zdanie,zawodowe,5,13,1,1,0,,wstępnie kompletne; wymaga końcowej kontroli językowej,brak oczywistych problemów technicznych,przypisać do lekcji | zostawić
b2_prof_015,Please ensure that the credentials are stored securely and shared only with authorised staff.,"Proszę dopilnować, aby dane logowania były przechowywane bezpiecznie i udostępniane wyłącznie upoważnionym pracownikom.",B2,Techniczne,instrukcja formalna,zdanie,techniczne,5,14,1,0,0,,wstępnie kompletne; wymaga końcowej kontroli językowej,zdanie bez wariantów odpowiedzi,przypisać do lekcji | poprawić lub ręcznie zweryfikować
b2_prof_016,The installation was completed ahead of schedule despite the unexpected delay.,Instalacja została zakończona przed terminem pomimo nieoczekiwanego opóźnienia.,B2,Praca,kontrast formalny,zdanie,zawodowe,5,11,1,0,0,,wstępnie kompletne; wymaga końcowej kontroli językowej,zdanie bez wariantów odpowiedzi,przypisać do lekcji | poprawić lub ręcznie zweryfikować
b2_prof_017,"From a technical perspective, the cheaper solution would be less reliable in the long term.",Z technicznego punktu widzenia tańsze rozwiązanie byłoby mniej niezawodne w dłuższej perspektywie.,B2,Praca,argumentowanie,zdanie,zawodowe,5,15,1,0,0,,wstępnie kompletne; wymaga końcowej kontroli językowej,zdanie bez wariantów odpowiedzi,przypisać do lekcji | poprawić lub ręcznie zweryfikować
b2_prof_018,"Had the backup failed, we would have lost the customer's configuration.","Gdyby kopia zapasowa zawiodła, stracilibyśmy konfigurację klienta.",B2,Techniczne,trzeci okres warunkowy z inwersją,zdanie,techniczne,5,11,1,0,0,,wstępnie kompletne; wymaga końcowej kontroli językowej,zdanie bez wariantów odpowiedzi,przypisać do lekcji | poprawić lub ręcznie zweryfikować
b2_prof_019,"The proposed solution balances cost, reliability, and ease of maintenance.","Proponowane rozwiązanie równoważy koszt, niezawodność i łatwość utrzymania.",B2,Praca,argumentowanie techniczne,zdanie,zawodowe,5,10,1,0,0,,wstępnie kompletne; wymaga końcowej kontroli językowej,zdanie bez wariantów odpowiedzi,przypisać do lekcji | poprawić lub ręcznie zweryfikować
b2_prof_020,I will document the changes so that the next technician can reproduce the configuration.,"Udokumentuję zmiany, aby następny technik mógł odtworzyć konfigurację.",B2,Praca,cel i dokumentacja,zdanie,zawodowe,5,14,1,1,0,,wstępnie kompletne; wymaga końcowej kontroli językowej,brak oczywistych problemów technicznych,przypisać do lekcji | zostawić
b2_prof_021,Would you mind confirming which ports need to remain accessible from outside the network?,"Czy mógłby Pan potwierdzić, które porty muszą pozostać dostępne spoza sieci?",B2,Techniczne,uprzejma prośba formalna,zdanie,techniczne,5,14,1,0,0,,wstępnie kompletne; wymaga końcowej kontroli językowej,zdanie bez wariantów odpowiedzi,przypisać do lekcji | poprawić lub ręcznie zweryfikować
b2_prof_022,"The application intermittently loses connection, which makes the issue difficult to reproduce.","Aplikacja okresowo traci połączenie, co utrudnia odtworzenie problemu.",B2,Praca,zdanie względne i diagnoza,zdanie,zawodowe,5,12,1,0,0,,wstępnie kompletne; wymaga końcowej kontroli językowej,zdanie bez wariantów odpowiedzi,przypisać do lekcji | poprawić lub ręcznie zweryfikować
b2_prof_023,"Before we proceed, I need written approval for the additional work.","Zanim przejdziemy dalej, potrzebuję pisemnej zgody na dodatkowe prace.",B2,Praca,formalna zgoda,zdanie,zawodowe,5,11,1,0,0,,wstępnie kompletne; wymaga końcowej kontroli językowej,zdanie bez wariantów odpowiedzi,przypisać do lekcji | poprawić lub ręcznie zweryfikować
b2_prof_024,The customer was advised to change the password once the installation had been completed.,Klientowi zalecono zmianę hasła po zakończeniu instalacji.,B2,Techniczne,strona bierna i następstwo czasów,zdanie,techniczne,5,14,1,0,0,,wstępnie kompletne; wymaga końcowej kontroli językowej,zdanie bez wariantów odpowiedzi,przypisać do lekcji | poprawić lub ręcznie zweryfikować
b2_prof_025,"Should the client reject the revised quote, we will need to reduce the scope of work.","Jeżeli klient odrzuci zmienioną wycenę, będziemy musieli ograniczyć zakres prac.",B2,Praca,negocjowanie zakresu,zdanie,zawodowe,5,16,1,0,0,,wstępnie kompletne; wymaga końcowej kontroli językowej,zdanie bez wariantów odpowiedzi,przypisać do lekcji | poprawić lub ręcznie zweryfikować
b2_prof_026,The evidence suggests that the outage was caused by several minor faults rather than one major failure.,"Dowody wskazują, że awarię spowodowało kilka drobnych usterek, a nie jedna poważna awaria.",B2,Praca,wnioskowanie,zdanie,zawodowe,5,17,1,0,0,,wstępnie kompletne; wymaga końcowej kontroli językowej,zdanie bez wariantów odpowiedzi,przypisać do lekcji | poprawić lub ręcznie zweryfikować
b2_prof_027,"I appreciate your concern; nevertheless, replacing the power supply is the safest option.","Rozumiem Pana obawy, jednak wymiana zasilacza jest najbezpieczniejszym rozwiązaniem.",B2,Praca,uprzejme argumentowanie,zdanie,zawodowe,5,13,1,0,0,,wstępnie kompletne; wymaga końcowej kontroli językowej,zdanie bez wariantów odpowiedzi,przypisać do lekcji | poprawić lub ręcznie zweryfikować
b2_prof_028,"The work can be completed today, assuming that access to the server room is granted by noon.","Prace można zakończyć dzisiaj, zakładając, że dostęp do serwerowni zostanie udzielony do południa.",B2,Praca,warunek formalny,zdanie,zawodowe,5,17,1,0,0,,wstępnie kompletne; wymaga końcowej kontroli językowej,zdanie bez wariantów odpowiedzi,przypisać do lekcji | poprawić lub ręcznie zweryfikować
b2_prof_029,What concerns me most is not the current fault but the likelihood of it recurring.,"Najbardziej niepokoi mnie nie obecna usterka, lecz prawdopodobieństwo jej ponownego wystąpienia.",B2,Praca,podkreślenie informacji,zdanie,zawodowe,5,15,1,0,0,,wstępnie kompletne; wymaga końcowej kontroli językowej,zdanie bez wariantów odpowiedzi,przypisać do lekcji | poprawić lub ręcznie zweryfikować
b2_prof_030,"The proposed timetable is feasible, provided we receive confirmation no later than Wednesday.","Proponowany harmonogram jest wykonalny, pod warunkiem że otrzymamy potwierdzenie najpóźniej w środę.",B2,Praca,formalny warunek,zdanie,zawodowe,5,13,1,0,0,,wstępnie kompletne; wymaga końcowej kontroli językowej,zdanie bez wariantów odpowiedzi,przypisać do lekcji | poprawić lub ręcznie zweryfikować
b2_prof_031,"Rather than replacing every device, I suggest isolating the faulty segment first.","Zamiast wymieniać każde urządzenie, proponuję najpierw odizolować uszkodzony segment.",B2,Praca,propozycja alternatywy,zdanie,zawodowe,5,12,1,0,0,,wstępnie kompletne; wymaga końcowej kontroli językowej,zdanie bez wariantów odpowiedzi,przypisać do lekcji | poprawić lub ręcznie zweryfikować
b2_prof_032,The client asked for the configuration to be simplified without compromising security.,Klient poprosił o uproszczenie konfiguracji bez obniżania poziomu bezpieczeństwa.,B2,Techniczne,mowa zależna i kompromis,zdanie,techniczne,5,12,1,0,0,,wstępnie kompletne; wymaga końcowej kontroli językowej,zdanie bez wariantów odpowiedzi,przypisać do lekcji | poprawić lub ręcznie zweryfikować
b2_prof_033,It is essential that every change be recorded before the system is handed over.,Konieczne jest zapisanie każdej zmiany przed przekazaniem systemu.,B2,Praca,tryb łączący formalny,zdanie,zawodowe,5,14,1,0,0,,wstępnie kompletne; wymaga końcowej kontroli językowej,zdanie bez wariantów odpowiedzi,przypisać do lekcji | poprawić lub ręcznie zweryfikować
b2_prof_034,"Had we known about the damaged conduit, we would have allowed more time for the installation.","Gdybyśmy wiedzieli o uszkodzonej rurze osłonowej, przeznaczylibyśmy więcej czasu na instalację.",B2,Praca,trzeci okres warunkowy,zdanie,zawodowe,5,16,1,0,0,,wstępnie kompletne; wymaga końcowej kontroli językowej,zdanie bez wariantów odpowiedzi,przypisać do lekcji | poprawić lub ręcznie zweryfikować
b2_prof_035,There is little point in increasing the bandwidth unless the internal wiring is upgraded as well.,"Zwiększanie przepustowości nie ma większego sensu, jeśli nie zostanie również zmodernizowane okablowanie wewnętrzne.",B2,Praca,ocena zasadności,zdanie,zawodowe,5,16,1,0,0,,wstępnie kompletne; wymaga końcowej kontroli językowej,zdanie bez wariantów odpowiedzi,przypisać do lekcji | poprawić lub ręcznie zweryfikować
b2_prof_036,The final cost may vary depending on the extent to which the existing infrastructure can be reused.,"Końcowy koszt może się różnić w zależności od tego, w jakim stopniu można ponownie wykorzystać istniejącą infrastrukturę.",B2,Praca,zależność i zakres,zdanie,zawodowe,5,17,1,0,0,,wstępnie kompletne; wymaga końcowej kontroli językowej,zdanie bez wariantów odpowiedzi,przypisać do lekcji | poprawić lub ręcznie zweryfikować
b2_prof_037,"Not only did the update fail, but it also removed the previous configuration.","Aktualizacja nie tylko się nie powiodła, lecz także usunęła poprzednią konfigurację.",B2,Praca,inwersja po not only,zdanie,zawodowe,5,13,1,0,0,,wstępnie kompletne; wymaga końcowej kontroli językowej,zdanie bez wariantów odpowiedzi,przypisać do lekcji | poprawić lub ręcznie zweryfikować
b2_prof_038,The customer would rather postpone the work than accept a temporary solution.,"Klient wolałby przełożyć prace, niż zaakceptować rozwiązanie tymczasowe.",B2,Praca,preferencja i negocjacja,zdanie,zawodowe,5,12,1,0,0,,wstępnie kompletne; wymaga końcowej kontroli językowej,zdanie bez wariantów odpowiedzi,przypisać do lekcji | poprawić lub ręcznie zweryfikować
b2_prof_039,No sooner had the service been restored than another fault appeared in a separate segment.,"Ledwie przywrócono usługę, a w innym segmencie pojawiła się kolejna usterka.",B2,Praca,inwersja czasowa,zdanie,zawodowe,5,15,1,0,0,,wstępnie kompletne; wymaga końcowej kontroli językowej,zdanie bez wariantów odpowiedzi,przypisać do lekcji | poprawić lub ręcznie zweryfikować
b2_prof_040,"Taking the long-term maintenance costs into account, the more expensive option is better value.","Biorąc pod uwagę długoterminowe koszty utrzymania, droższa opcja jest bardziej opłacalna.",B2,Praca,argumentowanie kosztowe,zdanie,zawodowe,5,15,1,0,0,,wstępnie kompletne; wymaga końcowej kontroli językowej,zdanie bez wariantów odpowiedzi,przypisać do lekcji | poprawić lub ręcznie zweryfikować
scene_quote_001,I need to inspect the site before I can give you a final price.,"Muszę obejrzeć miejsce, zanim podam ostateczną cenę.",B1,Dialogi,scenki,zdanie,zawodowe,5,14,1,1,0,,wstępnie kompletne; wymaga końcowej kontroli językowej,brak oczywistych problemów technicznych,przypisać do lekcji | zostawić
scene_quote_002,"The basic option includes installation, configuration, and a short user guide.","Podstawowa opcja obejmuje montaż, konfigurację i krótkie szkolenie użytkownika.",B1,Dialogi,scenki,zdanie,zawodowe,5,11,1,0,0,,wstępnie kompletne; wymaga końcowej kontroli językowej,zdanie bez wariantów odpowiedzi,przypisać do lekcji | poprawić lub ręcznie zweryfikować
scene_quote_003,The additional camera would increase the price by about two hundred zlotys.,Dodatkowa kamera zwiększyłaby cenę o około dwieście złotych.,B1,Dialogi,scenki,zdanie,zawodowe,5,12,1,2,0,,wstępnie kompletne; wymaga końcowej kontroli językowej,brak oczywistych problemów technicznych,przypisać do lekcji | zostawić
scene_quote_004,"I will send the written quote this afternoon, and it will remain valid for fourteen days.",Wyślę pisemną wycenę dziś po południu i będzie ona ważna przez czternaście dni.,B1,Dialogi,scenki,zdanie,zawodowe,5,16,1,1,0,,wstępnie kompletne; wymaga końcowej kontroli językowej,brak oczywistych problemów technicznych,przypisać do lekcji | zostawić
scene_delay_001,I am calling because I may be about twenty minutes late.,"Dzwonię, ponieważ mogę się spóźnić około dwudziestu minut.",A2,Dialogi,scenki,zdanie,zawodowe,4,11,1,1,0,,wstępnie kompletne; wymaga końcowej kontroli językowej,długie zdanie jak na przypisany poziom,przypisać do lekcji | poprawić lub ręcznie zweryfikować
scene_delay_002,The previous job took longer than expected.,"Poprzednie zlecenie trwało dłużej, niż oczekiwałem.",A2,Dialogi,scenki,zdanie,zawodowe,4,7,1,0,0,,wstępnie kompletne; wymaga końcowej kontroli językowej,zdanie bez wariantów odpowiedzi,przypisać do lekcji | poprawić lub ręcznie zweryfikować
scene_delay_003,I should arrive at about half past three.,Powinienem dotrzeć około wpół do czwartej.,A2,Dialogi,scenki,zdanie,zawodowe,4,8,1,0,0,,wstępnie kompletne; wymaga końcowej kontroli językowej,zdanie bez wariantów odpowiedzi,przypisać do lekcji | poprawić lub ręcznie zweryfikować
scene_delay_004,Thank you for understanding. I will call again if anything changes.,"Dziękuję za wyrozumiałość. Zadzwonię ponownie, jeśli coś się zmieni.",A2,Dialogi,scenki,zdanie,zawodowe,4,11,1,0,0,,wstępnie kompletne; wymaga końcowej kontroli językowej,długie zdanie jak na przypisany poziom | zdanie bez wariantów odpowiedzi,przypisać do lekcji | poprawić lub ręcznie zweryfikować
scene_instruction_001,Open the application and select the camera from the device list.,Proszę otworzyć aplikację i wybrać kamerę z listy urządzeń.,B1,Dialogi,scenki,zdanie,zawodowe,5,11,1,0,0,,wstępnie kompletne; wymaga końcowej kontroli językowej,zdanie bez wariantów odpowiedzi,przypisać do lekcji | poprawić lub ręcznie zweryfikować
scene_instruction_002,Tap the live view button to display the current picture.,"Proszę dotknąć przycisku podglądu na żywo, aby wyświetlić bieżący obraz.",B1,Dialogi,scenki,zdanie,zawodowe,5,10,1,0,0,,wstępnie kompletne; wymaga końcowej kontroli językowej,zdanie bez wariantów odpowiedzi,przypisać do lekcji | poprawić lub ręcznie zweryfikować
scene_instruction_003,"If you want to review an event, choose the date and move the timeline.","Jeśli chce Pan przejrzeć zdarzenie, proszę wybrać datę i przesunąć oś czasu.",B1,Dialogi,scenki,zdanie,zawodowe,5,14,1,0,0,,wstępnie kompletne; wymaga końcowej kontroli językowej,zdanie bez wariantów odpowiedzi,przypisać do lekcji | poprawić lub ręcznie zweryfikować
scene_instruction_004,"I will leave a printed guide, and you can call me if you need further help.","Zostawię drukowaną instrukcję i może Pan zadzwonić, jeśli będzie potrzebna dalsza pomoc.",B1,Dialogi,scenki,zdanie,zawodowe,5,16,1,1,0,,wstępnie kompletne; wymaga końcowej kontroli językowej,brak oczywistych problemów technicznych,przypisać do lekcji | zostawić
scene_complaint_001,I understand why the repeated disconnections are frustrating.,"Rozumiem, dlaczego powtarzające się rozłączenia są frustrujące.",B2,Dialogi,scenki,zdanie,zawodowe,5,8,1,0,0,,wstępnie kompletne; wymaga końcowej kontroli językowej,zdanie bez wariantów odpowiedzi,przypisać do lekcji | poprawić lub ręcznie zweryfikować
scene_complaint_002,I would like to review the previous service report before I propose another repair.,"Chciałbym przejrzeć poprzedni raport serwisowy, zanim zaproponuję kolejną naprawę.",B2,Dialogi,scenki,zdanie,zawodowe,5,14,1,0,0,,wstępnie kompletne; wymaga końcowej kontroli językowej,zdanie bez wariantów odpowiedzi,przypisać do lekcji | poprawić lub ręcznie zweryfikować
scene_complaint_003,"If the same component has failed again, the replacement will be covered by the warranty.","Jeśli ten sam element ponownie uległ awarii, wymiana zostanie objęta gwarancją.",B2,Dialogi,scenki,zdanie,zawodowe,5,15,1,0,0,,wstępnie kompletne; wymaga końcowej kontroli językowej,zdanie bez wariantów odpowiedzi,przypisać do lekcji | poprawić lub ręcznie zweryfikować
scene_complaint_004,I will send you a written summary of the diagnosis and the proposed solution by tomorrow.,Do jutra wyślę pisemne podsumowanie diagnozy i proponowanego rozwiązania.,B2,Dialogi,scenki,zdanie,zawodowe,5,16,1,1,0,,wstępnie kompletne; wymaga końcowej kontroli językowej,brak oczywistych problemów technicznych,przypisać do lekcji | zostawić
scene_scope_001,"The current budget covers the essential work, but not the optional network upgrade.","Obecny budżet obejmuje niezbędne prace, ale nie opcjonalną modernizację sieci.",B2,Dialogi,scenki,zdanie,zawodowe,5,13,1,0,0,,wstępnie kompletne; wymaga końcowej kontroli językowej,zdanie bez wariantów odpowiedzi,przypisać do lekcji | poprawić lub ręcznie zweryfikować
scene_scope_002,We could postpone the upgrade and prepare the installation so that it can be added later.,"Możemy przełożyć modernizację i przygotować instalację tak, aby można ją było dodać później.",B2,Dialogi,scenki,zdanie,zawodowe,5,16,1,0,0,,wstępnie kompletne; wymaga końcowej kontroli językowej,zdanie bez wariantów odpowiedzi,przypisać do lekcji | poprawić lub ręcznie zweryfikować
scene_scope_003,That option would reduce the immediate cost while preserving the possibility of expansion.,"Ta opcja obniżyłaby bieżący koszt, zachowując możliwość rozbudowy.",B2,Dialogi,scenki,zdanie,zawodowe,5,13,1,0,0,,wstępnie kompletne; wymaga końcowej kontroli językowej,zdanie bez wariantów odpowiedzi,przypisać do lekcji | poprawić lub ręcznie zweryfikować
scene_scope_004,I will revise the quote to distinguish the essential work from the optional upgrade.,"Zaktualizuję wycenę tak, aby oddzielić niezbędne prace od opcjonalnej modernizacji.",B2,Dialogi,scenki,zdanie,zawodowe,5,14,1,1,0,,wstępnie kompletne; wymaga końcowej kontroli językowej,brak oczywistych problemów technicznych,przypisać do lekcji | zostawić
